S.No.,Bidding Authority,REIA,Tender Capacity,Category,Type,Connectivity,RFS No.,RFS Date,RFS Financial Year,eRA,Financial Year,Company,Group Company,Won Capacity,Final Tariff,Initial Tariff,Status (e-RA/LOA/PPA/COD),Signed PPA Cap. (MW),Remarks,Bid Capacity,Bidding Result,Any Success
1233,GUVNL,State,250,Wind,Wind,STU,GUVNL-Wind-250 MW + 250 MW Greenshoe-Ph.10,26-Sep-25,FY 2026,30-Dec-25,FY 2026,Patel Infrastrucutre Ltd.,Patel Infrastrucutre Ltd.,100,3.43,,e-RA,,Only base capacity allotted ,,Partial Capacity Won,Yes
1234,GUVNL,State,250,Wind,Wind,STU,GUVNL-Wind-250 MW + 250 MW Greenshoe-Ph.10,26-Sep-25,FY 2026,30-Dec-25,FY 2026,Alfanar Power,Alfanar Power,50,3.43,,e-RA,,Only base capacity allotted ,,Partial Capacity Won,Yes
1235,GUVNL,State,250,Wind,Wind,STU,GUVNL-Wind-250 MW + 250 MW Greenshoe-Ph.10,26-Sep-25,FY 2026,30-Dec-25,FY 2026,KP Energy,KP Energy,50,3.44,,e-RA,,Only base capacity allotted ,,Partial Capacity Won,Yes
1236,GUVNL,State,250,Wind,Wind,STU,GUVNL-Wind-250 MW + 250 MW Greenshoe-Ph.10,26-Sep-25,FY 2026,30-Dec-25,FY 2026,Powerica,Powerica,50,3.44,,e-RA,,Only base capacity allotted ,,Partial Capacity Won,Yes
1216,APTransco,State,1000,ESS/BESS,BESS,STU,APTRANSCO-1 GW-2GWh-BESS+VGF-18LMWh,25-Aug-25,FY 2026,29-Nov-25,FY 2026,SBR Electro Projects,SBR Electro Projects,25,1.48,,e-RA,,220/132/33 kV SS Gajuwaka ,25,Full Capacity Won,Yes
1217,APTransco,State,1000,ESS/BESS,BESS,STU,APTRANSCO-1 GW-2GWh-BESS+VGF-18LMWh,25-Aug-25,FY 2026,29-Nov-25,FY 2026,Ecoren Energy,Ecoren Energy,275,1.5,,e-RA,,400/220 kV SS Talaricheruvu,275,Full Capacity Won,Yes
1218,APTransco,State,1000,ESS/BESS,BESS,STU,APTRANSCO-1 GW-2GWh-BESS+VGF-18LMWh,25-Aug-25,FY 2026,29-Nov-25,FY 2026,Bhagwati Group,Bhagwati Group,75,1.5,,e-RA,,400/220 kV SS Maradam,75,Full Capacity Won,Yes
1219,APTransco,State,1000,ESS/BESS,BESS,STU,APTRANSCO-1 GW-2GWh-BESS+VGF-18LMWh,25-Aug-25,FY 2026,29-Nov-25,FY 2026,Legion Energy Products,Legion Energy Products,25,1.5,,e-RA,,132/33 kV SS Simhachalam,25,Full Capacity Won,Yes
1220,APTransco,State,1000,ESS/BESS,BESS,STU,APTRANSCO-1 GW-2GWh-BESS+VGF-18LMWh,25-Aug-25,FY 2026,29-Nov-25,FY 2026,Bondada Engineering,Bondada Engineering,225,1.64,,e-RA,,400/220 kV SS Hindupur,225,Full Capacity Won,Yes
1221,APTransco,State,1000,ESS/BESS,BESS,STU,APTRANSCO-1 GW-2GWh-BESS+VGF-18LMWh,25-Aug-25,FY 2026,29-Nov-25,FY 2026,PGCIL,PGCIL,150,1.64,,e-RA,,400/220 kV SS Kalikiri,150,Full Capacity Won,Yes
1222,APTransco,State,1000,ESS/BESS,BESS,STU,APTRANSCO-1 GW-2GWh-BESS+VGF-18LMWh,25-Aug-25,FY 2026,29-Nov-25,FY 2026,Ecoren Energy,Ecoren Energy,225,1.65,,e-RA,,400/220 kV SS Pampanuruthanda,225,Full Capacity Won,Yes
1210,RUVNL,State,500,ESS/BESS,BESS,STU,RUVNL - BESS - 500 MW / 2000 MWh,8-Aug-25,FY 2026,24-Nov-25,FY 2026,Patanjali Ayurved Ltd.,Patanjali,250,2.85,2.85,e-RA,,,250,Full Capacity Won,Yes
1211,RUVNL,State,501,ESS/BESS,BESS,STU,RUVNL - BESS - 500 MW / 2000 MWh,8-Aug-25,FY 2026,24-Nov-25,FY 2026,Ultravibrant Solar Energy Pvt. Ltd. ,Ultravibrant,50,2.85,2.85,e-RA,,,50,Full Capacity Won,Yes
1212,RUVNL,State,502,ESS/BESS,BESS,STU,RUVNL - BESS - 500 MW / 2000 MWh,8-Aug-25,FY 2026,24-Nov-25,FY 2026,Rama Reflection India Pvt. Ltd,Rama,50,2.85,2.85,e-RA,,,50,Full Capacity Won,Yes
1213,RUVNL,State,503,ESS/BESS,BESS,STU,RUVNL - BESS - 500 MW / 2000 MWh,8-Aug-25,FY 2026,24-Nov-25,FY 2026,Mec Power Solutions Ltd. ,Mecpower,50,2.85,2.85,e-RA,,,50,Full Capacity Won,Yes
1214,RUVNL,State,504,ESS/BESS,BESS,STU,RUVNL - BESS - 500 MW / 2000 MWh,8-Aug-25,FY 2026,24-Nov-25,FY 2026,Bhagwati Lacto Vegetarian Exports Pvt. Ltd.,Bhagwati Lacto Vegetarian Exports Pvt. Ltd.,50,2.85,2.85,e-RA,,,50,Full Capacity Won,Yes
1215,RUVNL,State,505,ESS/BESS,BESS,STU,RUVNL - BESS - 500 MW / 2000 MWh,8-Aug-25,FY 2026,24-Nov-25,FY 2026,Diwakar Renewables & Infra Pvt. Ltd.,Diwakar Renewables & Infra Pvt. Ltd.,50,2.85,2.85,e-RA,,,50,Full Capacity Won,Yes
1201,REMCL,Central,1000,RTC/FDRE,RTC,ISTS,REMCL 1 GW RTC ,24-Jul-25,FY 2026,21-Nov-25,FY 2026,Ayana,Ayana,140,4.35,5.24,e-RA,,,140,Full Capacity Won,Yes
1202,REMCL,Central,1000,RTC/FDRE,RTC,ISTS,REMCL 1 GW RTC ,24-Jul-25,FY 2026,21-Nov-25,FY 2026,Jindal Green,Jindal Green,150,4.35,5.04,e-RA,,,150,Full Capacity Won,Yes
1203,REMCL,Central,1000,RTC/FDRE,RTC,ISTS,REMCL 1 GW RTC ,24-Jul-25,FY 2026,21-Nov-25,FY 2026,Bhalki Solar (Rays Power),Bhalki Solar (Rays Power),200,4.35,5.1,e-RA,,,200,Full Capacity Won,Yes
1204,REMCL,Central,1000,RTC/FDRE,RTC,ISTS,REMCL 1 GW RTC ,24-Jul-25,FY 2026,21-Nov-25,FY 2026,Purwa Green (RPG),Purwa Green (RPG),180,4.35,5.47,e-RA,,,180,Full Capacity Won,Yes
1205,REMCL,Central,1000,RTC/FDRE,RTC,ISTS,REMCL 1 GW RTC ,24-Jul-25,FY 2026,21-Nov-25,FY 2026,ReNew,ReNew,200,4.35,5.05,e-RA,,,200,Full Capacity Won,Yes
1206,REMCL,Central,1000,RTC/FDRE,RTC,ISTS,REMCL 1 GW RTC ,24-Jul-25,FY 2026,21-Nov-25,FY 2026,ACME,ACME,130,4.35,5.09,e-RA,,,1000,Partial Capacity Won,Yes
1207,REMCL,Central,1000,RTC/FDRE,RTC,ISTS,REMCL 1 GW RTC ,24-Jul-25,FY 2026,21-Nov-25,FY 2026,SolarCraft (Bluepine),SolarCraft (Bluepine),0,4.36,5.25,e-RA,,,100,Unsuccessful,No
1208,REMCL,Central,1000,RTC/FDRE,RTC,ISTS,REMCL 1 GW RTC ,24-Jul-25,FY 2026,21-Nov-25,FY 2026,Jindal India,Jindal India,0,4.54,5.25,e-RA,,,150,Unsuccessful,No
1209,REMCL,Central,1000,RTC/FDRE,RTC,ISTS,REMCL 1 GW RTC ,24-Jul-25,FY 2026,21-Nov-25,FY 2026,Reliance Industries,Reliance (Mukesh),0,4.59,4.65,e-RA,,,250,Unsuccessful,No
1182,GUVNL,State,2000,ESS/BESS,BESS,STU,GUVNL-2 GW/4 GWh-BESS-Ph.07,23-Jul-25,FY 2026,18-Nov-25,FY 2026,Sun Drops Energia Pvt. Ltd.,Sundrops,445,1.85,1.85,e-RA,,,445,Full Capacity Won,Yes
1183,GUVNL,State,2000,ESS/BESS,BESS,STU,GUVNL-2 GW/4 GWh-BESS-Ph.07,23-Jul-25,FY 2026,18-Nov-25,FY 2026,Engie Energy India Pvt. Ltd.,Engie,280,1.87,1.87,e-RA,,,280,Full Capacity Won,Yes
1184,GUVNL,State,2000,ESS/BESS,BESS,STU,GUVNL-2 GW/4 GWh-BESS-Ph.07,23-Jul-25,FY 2026,18-Nov-25,FY 2026,Mecpower Solutions Ltd. ,Mecpower,65,1.88,1.88,e-RA,,,65,Full Capacity Won,Yes
1185,GUVNL,State,2000,ESS/BESS,BESS,STU,GUVNL-2 GW/4 GWh-BESS-Ph.07,23-Jul-25,FY 2026,18-Nov-25,FY 2026,Samavist Energy Solutions Pvt. Ltd.,Samavist,100,1.88,1.88,e-RA,,,100,Full Capacity Won,Yes
1186,GUVNL,State,2000,ESS/BESS,BESS,STU,GUVNL-2 GW/4 GWh-BESS-Ph.07,23-Jul-25,FY 2026,18-Nov-25,FY 2026,Stockwell Solar Services Pvt. Ltd.,Stockwell,130,1.89,1.89,e-RA,,,130,Full Capacity Won,Yes
1187,GUVNL,State,2000,ESS/BESS,BESS,STU,GUVNL-2 GW/4 GWh-BESS-Ph.07,23-Jul-25,FY 2026,18-Nov-25,FY 2026,Solar91 Cleantech Ltd.,Solar91,65,1.89,1.89,e-RA,,,65,Full Capacity Won,Yes
1188,GUVNL,State,2000,ESS/BESS,BESS,STU,GUVNL-2 GW/4 GWh-BESS-Ph.07,23-Jul-25,FY 2026,18-Nov-25,FY 2026,Viviana Power Tech Ltd.,Viviana Power,65,1.89,1.89,e-RA,,,65,Full Capacity Won,Yes
1189,GUVNL,State,2000,ESS/BESS,BESS,STU,GUVNL-2 GW/4 GWh-BESS-Ph.07,23-Jul-25,FY 2026,18-Nov-25,FY 2026,Rajesh Power Services Limited,Rajesh Power,65,1.89,1.89,e-RA,,,65,Full Capacity Won,Yes
1190,GUVNL,State,2000,ESS/BESS,BESS,STU,GUVNL-2 GW/4 GWh-BESS-Ph.07,23-Jul-25,FY 2026,18-Nov-25,FY 2026,Ultimate Flexipack Limited,Ultimate Flexipak,450,1.89,1.89,e-RA,,,450,Full Capacity Won,Yes
1191,GUVNL,State,2000,ESS/BESS,BESS,STU,GUVNL-2 GW/4 GWh-BESS-Ph.07,23-Jul-25,FY 2026,18-Nov-25,FY 2026,Patel Infrastrucutre Ltd.,Patel Infra,1090,1.89,1.89,e-RA,,,1090,Full Capacity Won,Yes
1192,GUVNL,State,2000,ESS/BESS,BESS,STU,GUVNL-2 GW/4 GWh-BESS-Ph.07,23-Jul-25,FY 2026,18-Nov-25,FY 2026,Kundan Green Energy Pvt. Ltd.,Kundan Green Energy,380,2.1,2.1,e-RA,,,380,Full Capacity Won,Yes
1193,GUVNL,State,2000,ESS/BESS,BESS,STU,GUVNL-2 GW/4 GWh-BESS-Ph.07,23-Jul-25,FY 2026,18-Nov-25,FY 2026,Salasar Techno Engineering Pvt. Ltd,Salasar Techno,190,2.12,2.12,e-RA,,,190,Full Capacity Won,Yes
1194,GUVNL,State,2000,ESS/BESS,BESS,STU,GUVNL-2 GW/4 GWh-BESS-Ph.07,23-Jul-25,FY 2026,18-Nov-25,FY 2026,Meghmani Renew Energy Pvt. Ltd,Meghmani Renew,285,2.2,2.2,e-RA,,,285,Full Capacity Won,Yes
1195,GUVNL,State,2000,ESS/BESS,BESS,STU,GUVNL-2 GW/4 GWh-BESS-Ph.07,23-Jul-25,FY 2026,18-Nov-25,FY 2026,NLC India Pvt. Ltd.,NLC,1000,2.3,2.3,e-RA,,,1000,Full Capacity Won,Yes
1196,GUVNL,State,2000,ESS/BESS,BESS,STU,GUVNL-2 GW/4 GWh-BESS-Ph.07,23-Jul-25,FY 2026,18-Nov-25,FY 2026,Equentia Natural Resources Pvt. Ltd,Equentia,255,2.5,2.5,e-RA,,,255,Full Capacity Won,Yes
1197,GUVNL,State,2000,ESS/BESS,BESS,STU,GUVNL-2 GW/4 GWh-BESS-Ph.07,23-Jul-25,FY 2026,18-Nov-25,FY 2026,ACME Solar Holdings Ltd.,ACME,640,2.7,2.7,e-RA,,,640,Full Capacity Won,Yes
1198,GUVNL,State,2000,ESS/BESS,BESS,STU,GUVNL-2 GW/4 GWh-BESS-Ph.07,23-Jul-25,FY 2026,18-Nov-25,FY 2026,Apraava Energy Pvt. Ltd.,Apraava,450,2.76,2.76,e-RA,,,450,Full Capacity Won,Yes
1199,GUVNL,State,2000,ESS/BESS,BESS,STU,GUVNL-2 GW/4 GWh-BESS-Ph.07,23-Jul-25,FY 2026,18-Nov-25,FY 2026,Techno-Electric & Engineering Co. Ltd.,Techno-Electric,450,2.92,2.92,e-RA,,,450,Full Capacity Won,Yes
1200,GUVNL,State,2000,ESS/BESS,BESS,STU,GUVNL-2 GW/4 GWh-BESS-Ph.07,23-Jul-25,FY 2026,18-Nov-25,FY 2026,Enerica Infra 2 Pvt. Ltd,Enerica,640,3.15,3.15,e-RA,,,640,Full Capacity Won,Yes
1157,SECI,Central,2000,RTC/FDRE,Solar + ESS,CTU,SECI-2000 MW-Solar+ESS-ISTS-20,12-Jun-25,FY 2026,15-Oct-25,FY 2026,Welspun,Welspun,200,2.86,2.86,e-RA,,,,Partial Capacity Won,Yes
1158,SECI,Central,2000,RTC/FDRE,Solar + ESS,CTU,SECI-2000 MW-Solar+ESS-ISTS-20,12-Jun-25,FY 2026,15-Oct-25,FY 2026,MB Power (Madhya Pradesh) Ltd. ,MB Power (Madhya Pradesh) Ltd. ,150,2.86,2.86,e-RA,,,,Partial Capacity Won,Yes
1159,SECI,Central,2000,RTC/FDRE,Solar + ESS,CTU,SECI-2000 MW-Solar+ESS-ISTS-20,12-Jun-25,FY 2026,15-Oct-25,FY 2026,Shivalaya Construction,Shivalaya,600,2.86,2.86,e-RA,,,,Partial Capacity Won,Yes
1160,SECI,Central,2000,RTC/FDRE,Solar + ESS,CTU,SECI-2000 MW-Solar+ESS-ISTS-20,12-Jun-25,FY 2026,15-Oct-25,FY 2026,Oswal Cables Limited,Oswal Cables Limited,50,2.86,2.86,e-RA,,,,Partial Capacity Won,Yes
1161,SECI,Central,2000,RTC/FDRE,Solar + ESS,CTU,SECI-2000 MW-Solar+ESS-ISTS-20,12-Jun-25,FY 2026,15-Oct-25,FY 2026,Purvah Green Power Pvt. Ltd. ,Purvah Green,300,2.86,2.86,e-RA,,,,Partial Capacity Won,Yes
1162,SECI,Central,2000,RTC/FDRE,Solar + ESS,CTU,SECI-2000 MW-Solar+ESS-ISTS-20,12-Jun-25,FY 2026,15-Oct-25,FY 2026,Banyan Insolation Private Limited,Banyan Isolation,100,2.86,2.86,e-RA,,,,Partial Capacity Won,Yes
1163,SECI,Central,2000,RTC/FDRE,Solar + ESS,CTU,SECI-2000 MW-Solar+ESS-ISTS-20,12-Jun-25,FY 2026,15-Oct-25,FY 2026,LC Infra Projects Pvt. Ltd.,LC Infra,50,2.86,2.86,e-RA,,,,Partial Capacity Won,Yes
1164,SECI,Central,2000,RTC/FDRE,Solar + ESS,CTU,SECI-2000 MW-Solar+ESS-ISTS-20,12-Jun-25,FY 2026,15-Oct-25,FY 2026,Stockwell Solar Services,Stockwell Solar,80,2.86,2.86,e-RA,,,,Partial Capacity Won,Yes
1165,SECI,Central,2000,RTC/FDRE,Solar + ESS,CTU,SECI-2000 MW-Solar+ESS-ISTS-20,12-Jun-25,FY 2026,15-Oct-25,FY 2026,SAEL Industries Limited,SAEL Industries,300,2.87,2.87,e-RA,,,,Partial Capacity Won,Yes
1166,SECI,Central,2000,RTC/FDRE,Solar + ESS,CTU,SECI-2000 MW-Solar+ESS-ISTS-20,12-Jun-25,FY 2026,15-Oct-25,FY 2026,GH2 Solar Ltd,GH2 Solar ,50,2.87,2.87,e-RA,,,,Partial Capacity Won,Yes
1167,SECI,Central,2000,RTC/FDRE,Solar + ESS,CTU,SECI-2000 MW-Solar+ESS-ISTS-20,12-Jun-25,FY 2026,15-Oct-25,FY 2026,Navayuga Green Energy Pvt. Ltd.,Navayuga Green,300,2.87,2.87,e-RA,,,,Partial Capacity Won,Yes
1168,SECI,Central,2000,RTC/FDRE,Solar + ESS,CTU,SECI-2000 MW-Solar+ESS-ISTS-20,12-Jun-25,FY 2026,15-Oct-25,FY 2026,Apraava,Apraava,0,2.87,2.87,e-RA,,,,Full Capacity Won,No
1169,SECI,Central,2000,RTC/FDRE,Solar + ESS,CTU,SECI-2000 MW-Solar+ESS-ISTS-20,12-Jun-25,FY 2026,15-Oct-25,FY 2026,SolarCraft (Blupine),Solarcraft,0,2.89,2.89,e-RA,,,,Full Capacity Won,No
1170,SECI,Central,2000,RTC/FDRE,Solar + ESS,CTU,SECI-2000 MW-Solar+ESS-ISTS-20,12-Jun-25,FY 2026,15-Oct-25,FY 2026,NTPC Renewables,NTPC,0,3.06,3.06,e-RA,,,,Full Capacity Won,No
1171,SECI,Central,2000,RTC/FDRE,Solar + ESS,CTU,SECI-2000 MW-Solar+ESS-ISTS-20,12-Jun-25,FY 2026,15-Oct-25,FY 2026,Gentari,Gentari,0,3.12,3.12,e-RA,,,,Full Capacity Won,No
1172,SECI,Central,2000,RTC/FDRE,Solar + ESS,CTU,SECI-2000 MW-Solar+ESS-ISTS-20,12-Jun-25,FY 2026,15-Oct-25,FY 2026,Waree,Waree,0,3.15,3.15,e-RA,,,,Full Capacity Won,No
1173,SECI,Central,2000,RTC/FDRE,Solar + ESS,CTU,SECI-2000 MW-Solar+ESS-ISTS-20,12-Jun-25,FY 2026,15-Oct-25,FY 2026,Bhalki Prime Solar Power Pvt. Ltd. ,Bhalki Prime Solar,0,3.23,3.23,e-RA,,,,Full Capacity Won,No
1174,SECI,Central,2000,RTC/FDRE,Solar + ESS,CTU,SECI-2000 MW-Solar+ESS-ISTS-20,12-Jun-25,FY 2026,15-Oct-25,FY 2026,Pace Digitek Ltd.,Pace Digitek,0,3.25,3.25,e-RA,,,,Full Capacity Won,No
1175,SECI,Central,2000,RTC/FDRE,Solar + ESS,CTU,SECI-2000 MW-Solar+ESS-ISTS-20,12-Jun-25,FY 2026,15-Oct-25,FY 2026,Sunsure Solarpark RJOne Pvt. Ltd.,Sunsure,0,3.31,3.31,e-RA,,,,Full Capacity Won,No
1176,SECI,Central,2000,RTC/FDRE,Solar + ESS,CTU,SECI-2000 MW-Solar+ESS-ISTS-20,12-Jun-25,FY 2026,15-Oct-25,FY 2026,ReNew Solar,ReNew,0,3.51,3.51,e-RA,,,,Full Capacity Won,No
1177,SECI,Central,2000,RTC/FDRE,Solar + ESS,CTU,SECI-2000 MW-Solar+ESS-ISTS-20,12-Jun-25,FY 2026,15-Oct-25,FY 2026,Acme,Acme,0,3.56,3.56,e-RA,,,,Full Capacity Won,No
1178,SECI,Central,2000,RTC/FDRE,Solar + ESS,CTU,SECI-2000 MW-Solar+ESS-ISTS-20,12-Jun-25,FY 2026,15-Oct-25,FY 2026,Refex Holding Pvt. Ltd.,Refex Holding Pvt. Ltd.,0,3.59,3.59,e-RA,,,,Full Capacity Won,No
1179,SECI,Central,2000,RTC/FDRE,Solar + ESS,CTU,SECI-2000 MW-Solar+ESS-ISTS-20,12-Jun-25,FY 2026,15-Oct-25,FY 2026,PNC Infratech Ltd.,PNC Infratech Ltd.,0,3.9,3.9,e-RA,,,,Full Capacity Won,No
1180,SECI,Central,2000,RTC/FDRE,Solar + ESS,CTU,SECI-2000 MW-Solar+ESS-ISTS-20,12-Jun-25,FY 2026,15-Oct-25,FY 2026,Adani,Adani,0,3.98,3.98,e-RA,,,,Full Capacity Won,No
1181,SECI,Central,2000,RTC/FDRE,Solar + ESS,CTU,SECI-2000 MW-Solar+ESS-ISTS-20,12-Jun-25,FY 2026,15-Oct-25,FY 2026,Power Mech Projects Ltd.,Power Mech Projects,0,4.04,4.04,e-RA,,,,Full Capacity Won,No
1143,SJVN,Central,1500,RTC/FDRE,FDRE,CTU,SJVN - 1.5 GW/ 6 GWh - FDRE-4 (Assured Peak only),6-Dec-24,FY 2025,9-Oct-25,FY 2026,Sembcorp,Sembcorp,150,6.74,9.11,e-RA,,,150,Full Capacity Won,Yes
1144,SJVN,Central,1500,RTC/FDRE,FDRE,CTU,SJVN - 1.5 GW/ 6 GWh - FDRE-4 (Assured Peak only),6-Dec-24,FY 2025,9-Oct-25,FY 2026,Reliance NU Energies,Reliance (Anil),750,6.74,8.49,e-RA,,,750,Full Capacity Won,Yes
1145,SJVN,Central,1500,RTC/FDRE,FDRE,CTU,SJVN - 1.5 GW/ 6 GWh - FDRE-4 (Assured Peak only),6-Dec-24,FY 2025,9-Oct-25,FY 2026,Bluepine (Solarcraft Power India),Bluepine (Solarcraft Power India),150,6.75,8.69,e-RA,,,150,Full Capacity Won,Yes
1146,SJVN,Central,1500,RTC/FDRE,FDRE,CTU,SJVN - 1.5 GW/ 6 GWh - FDRE-4 (Assured Peak only),6-Dec-24,FY 2025,9-Oct-25,FY 2026,ACME,ACME,450,6.75,7.98,e-RA,,,600,Partial Capacity Won,Yes
1147,SJVN,Central,1500,RTC/FDRE,FDRE,CTU,SJVN - 1.5 GW/ 6 GWh - FDRE-4 (Assured Peak only),6-Dec-24,FY 2025,9-Oct-25,FY 2026,Navayuga,Navayuga,0,6.75,7.45,e-RA,,,250,Unsuccessful,No
1148,SJVN,Central,1500,RTC/FDRE,FDRE,CTU,SJVN - 1.5 GW/ 6 GWh - FDRE-4 (Assured Peak only),6-Dec-24,FY 2025,9-Oct-25,FY 2026,Greenko,Greenko,0,6.78,8.19,e-RA,,,500,Unsuccessful,No
1149,SJVN,Central,1500,RTC/FDRE,FDRE,CTU,SJVN - 1.5 GW/ 6 GWh - FDRE-4 (Assured Peak only),6-Dec-24,FY 2025,9-Oct-25,FY 2026,Evergreen Renewable (Green Prairie VI),Evergreen Renewable (Green Prairie VI),0,7.05,9.11,e-RA,,,70,Unsuccessful,No
1150,SJVN,Central,1500,RTC/FDRE,FDRE,CTU,SJVN - 1.5 GW/ 6 GWh - FDRE-4 (Assured Peak only),6-Dec-24,FY 2025,9-Oct-25,FY 2026,Rays Power (Mulki Solar),Rays Power (Mulki Solar),0,7.27,8.9,e-RA,,,300,Unsuccessful,No
1151,SJVN,Central,1500,RTC/FDRE,FDRE,CTU,SJVN - 1.5 GW/ 6 GWh - FDRE-4 (Assured Peak only),6-Dec-24,FY 2025,9-Oct-25,FY 2026,Avaada Energy,Avaada Energy,0,7.4,9.13,e-RA,,,750,Unsuccessful,No
1152,SJVN,Central,1500,RTC/FDRE,FDRE,CTU,SJVN - 1.5 GW/ 6 GWh - FDRE-4 (Assured Peak only),6-Dec-24,FY 2025,9-Oct-25,FY 2026,NTPC,NTPC,0,8.5,8.99,e-RA,,,300,Unsuccessful,No
1153,SJVN,Central,1500,RTC/FDRE,FDRE,CTU,SJVN - 1.5 GW/ 6 GWh - FDRE-4 (Assured Peak only),6-Dec-24,FY 2025,9-Oct-25,FY 2026,Adani,Adani,0,9.23,9.24,e-RA,,,750,Unsuccessful,No
1154,SJVN,Central,1500,RTC/FDRE,FDRE,CTU,SJVN - 1.5 GW/ 6 GWh - FDRE-4 (Assured Peak only),6-Dec-24,FY 2025,9-Oct-25,FY 2026,Goldi Solar,Goldi Solar,0,9.33,9.33,e-RA,,,50,Unsuccessful,No
1155,SJVN,Central,1500,RTC/FDRE,FDRE,CTU,SJVN - 1.5 GW/ 6 GWh - FDRE-4 (Assured Peak only),6-Dec-24,FY 2025,9-Oct-25,FY 2026,Hindustan Power,Hindustan Power,0,9.49,9.49,e-RA,,,50,Unsuccessful,No
1156,SJVN,Central,1500,RTC/FDRE,FDRE,CTU,SJVN - 1.5 GW/ 6 GWh - FDRE-4 (Assured Peak only),6-Dec-24,FY 2025,9-Oct-25,FY 2026,ReNew,ReNew,0,9.73,9.73,e-RA,,,300,Unsuccessful,No
1223,SJVN,Central,1500,RTC/FDRE,FDRE,CTU,SJVN - 1.5 GW/ 6 GWh - FDRE-4 (Assured Peak only),6-Dec-24,FY 2025,9-Oct-25,FY 2026,ACME,ACME,450,6.75,7.98,e-RA,,,600,Partial Capacity Won,Yes
1224,SJVN,Central,1500,RTC/FDRE,FDRE,CTU,SJVN - 1.5 GW/ 6 GWh - FDRE-4 (Assured Peak only),6-Dec-24,FY 2025,9-Oct-25,FY 2026,Navayuga,Navayuga,0,6.75,7.45,e-RA,,,250,Unsuccessful,No
1225,SJVN,Central,1500,RTC/FDRE,FDRE,CTU,SJVN - 1.5 GW/ 6 GWh - FDRE-4 (Assured Peak only),6-Dec-24,FY 2025,9-Oct-25,FY 2026,Greenko,Greenko,0,6.78,8.19,e-RA,,,500,Unsuccessful,No
1226,SJVN,Central,1500,RTC/FDRE,FDRE,CTU,SJVN - 1.5 GW/ 6 GWh - FDRE-4 (Assured Peak only),6-Dec-24,FY 2025,9-Oct-25,FY 2026,Evergreen Renewable (Green Prairie VI),Evergreen Renewable (Green Prairie VI),0,7.05,9.11,e-RA,,,70,Unsuccessful,No
1227,SJVN,Central,1500,RTC/FDRE,FDRE,CTU,SJVN - 1.5 GW/ 6 GWh - FDRE-4 (Assured Peak only),6-Dec-24,FY 2025,9-Oct-25,FY 2026,Rays Power (Mulki Solar),Rays Power (Mulki Solar),0,7.27,8.9,e-RA,,,300,Unsuccessful,No
1228,SJVN,Central,1500,RTC/FDRE,FDRE,CTU,SJVN - 1.5 GW/ 6 GWh - FDRE-4 (Assured Peak only),6-Dec-24,FY 2025,9-Oct-25,FY 2026,Avaada Energy,Avaada Energy,0,7.4,9.13,e-RA,,,750,Unsuccessful,No
1229,SJVN,Central,1500,RTC/FDRE,FDRE,CTU,SJVN - 1.5 GW/ 6 GWh - FDRE-4 (Assured Peak only),6-Dec-24,FY 2025,9-Oct-25,FY 2026,NTPC,NTPC,0,8.5,8.99,e-RA,,,300,Unsuccessful,No
1230,SJVN,Central,1500,RTC/FDRE,FDRE,CTU,SJVN - 1.5 GW/ 6 GWh - FDRE-4 (Assured Peak only),6-Dec-24,FY 2025,9-Oct-25,FY 2026,Adani,Adani,0,9.23,9.24,e-RA,,,750,Unsuccessful,No
1231,SJVN,Central,1500,RTC/FDRE,FDRE,CTU,SJVN - 1.5 GW/ 6 GWh - FDRE-4 (Assured Peak only),6-Dec-24,FY 2025,9-Oct-25,FY 2026,Goldi Solar,Goldi Solar,0,9.33,9.33,e-RA,,,50,Unsuccessful,No
1232,SJVN,Central,1500,RTC/FDRE,FDRE,CTU,SJVN - 1.5 GW/ 6 GWh - FDRE-4 (Assured Peak only),6-Dec-24,FY 2025,9-Oct-25,FY 2026,Hindustan Power,Hindustan Power,0,9.49,9.49,e-RA,,,50,Unsuccessful,No
1132,RVUNL,State,1000,ESS/BESS,BESS,STU,RRUVNL 1000 MW/ 2000 MWh BESS,20-Jun-25,FY 2026,7-Oct-25,FY 2026,Stockwell Solar Services,Stockwell Solar,200,1.775,2.05,e-RA,,,200,Full Capacity Won,Yes
1133,RVUNL,State,1000,ESS/BESS,BESS,STU,RRUVNL 1000 MW/ 2000 MWh BESS,20-Jun-25,FY 2026,7-Oct-25,FY 2026,Oswal Cables Limited,Oswal Cables Limited,100,1.775,2.05,e-RA,,,100,Full Capacity Won,Yes
1134,RVUNL,State,1000,ESS/BESS,BESS,STU,RRUVNL 1000 MW/ 2000 MWh BESS,20-Jun-25,FY 2026,7-Oct-25,FY 2026,Micormax Informatics Ltd,Micormax Informatics Ltd,50,1.775,2.05,e-RA,,,50,Full Capacity Won,Yes
1135,RVUNL,State,1000,ESS/BESS,BESS,STU,RRUVNL 1000 MW/ 2000 MWh BESS,20-Jun-25,FY 2026,7-Oct-25,FY 2026,Patanjali Renewable Energy Pvt. Ltd.,Patanjali Renewable Energy Pvt. Ltd.,100,1.775,2.05,e-RA,,,100,Full Capacity Won,Yes
1136,RVUNL,State,1000,ESS/BESS,BESS,STU,RRUVNL 1000 MW/ 2000 MWh BESS,20-Jun-25,FY 2026,7-Oct-25,FY 2026,RCRS Innovations Ltd. ,RCRS Innovations Ltd. ,50,1.775,2.05,e-RA,,,50,Full Capacity Won,Yes
1137,RVUNL,State,1000,ESS/BESS,BESS,STU,RRUVNL 1000 MW/ 2000 MWh BESS,20-Jun-25,FY 2026,7-Oct-25,FY 2026,Viviana Power Tech Ltd,Viviana Power Tech Ltd,100,1.78,2.05,e-RA,,,100,Full Capacity Won,Yes
1138,RVUNL,State,1000,ESS/BESS,BESS,STU,RRUVNL 1000 MW/ 2000 MWh BESS,20-Jun-25,FY 2026,7-Oct-25,FY 2026,Galaxy Mining and Royalties Pvt. Ltd. ,Galaxy Mining and Royalties Pvt. Ltd. ,100,1.78,2.05,e-RA,,,100,Full Capacity Won,Yes
1139,RVUNL,State,1000,ESS/BESS,BESS,STU,RRUVNL 1000 MW/ 2000 MWh BESS,20-Jun-25,FY 2026,7-Oct-25,FY 2026,Manda Projects Pvt. Ltd. ,Manda Projects Pvt. Ltd. ,100,1.78,2.05,e-RA,,,100,Full Capacity Won,Yes
1140,RVUNL,State,1000,ESS/BESS,BESS,STU,RRUVNL 1000 MW/ 2000 MWh BESS,20-Jun-25,FY 2026,7-Oct-25,FY 2026,Mineralia Impex Pvt. Ltd. ,Mineralia Impex Pvt. Ltd. ,50,1.78,2.05,e-RA,,,50,Full Capacity Won,Yes
1141,RVUNL,State,1000,ESS/BESS,BESS,STU,RRUVNL 1000 MW/ 2000 MWh BESS,20-Jun-25,FY 2026,7-Oct-25,FY 2026,Onward Solar,Onward Solar,100,1.785,2.05,e-RA,,,100,Full Capacity Won,Yes
1142,RVUNL,State,1000,ESS/BESS,BESS,STU,RRUVNL 1000 MW/ 2000 MWh BESS,20-Jun-25,FY 2026,7-Oct-25,FY 2026,S.T Electricals Pvt. Ltd. ,S.T Electricals Pvt. Ltd. ,50,1.785,2.05,e-RA,,,50,Full Capacity Won,Yes
1117,RUMSL,State,300,RTC/FDRE,Solar+ESS,STU,RUMSL-Solar+ESS-Morena 600 MW (Unit-1-300 MW),25-Sep-24,FY 2025,18-Sep-25,FY 2026,Ceigall India Limited,Ceigall India Limited,300,2.7,,e-RA,,,300,Full Capacity Won,Yes
1118,RUMSL,State,300,RTC/FDRE,Solar+ESS,STU,RUMSL-Solar+ESS-Morena 600 MW (Unit-1-300 MW),25-Sep-24,FY 2025,18-Sep-25,FY 2026,Purvah Green Power Pvt. Ltd. ,Purvah Green,0,2.705,,e-RA,,,300,Unsuccessful,No
1119,RUMSL,State,300,RTC/FDRE,Solar+ESS,STU,RUMSL-Solar+ESS-Morena 600 MW (Unit-1-300 MW),25-Sep-24,FY 2025,18-Sep-25,FY 2026,Waree Forever Energies Pvt. Ltd. ,Waree,0,2.732,,e-RA,,,300,Unsuccessful,No
1120,RUMSL,State,300,RTC/FDRE,Solar+ESS,STU,RUMSL-Solar+ESS-Morena 600 MW (Unit-1-300 MW),25-Sep-24,FY 2025,18-Sep-25,FY 2026,Apraava Energy,Apraava,0,2.754,,e-RA,,,300,Unsuccessful,No
1121,RUMSL,State,300,RTC/FDRE,Solar+ESS,STU,RUMSL-Solar+ESS-Morena 600 MW (Unit-1-300 MW),25-Sep-24,FY 2025,18-Sep-25,FY 2026,Ampin Energy Pvt. Ltd.,Ampin,0,2.765,,e-RA,,,300,Unsuccessful,No
1122,RUMSL,State,300,RTC/FDRE,Solar+ESS,STU,RUMSL-Solar+ESS-Morena 600 MW (Unit-1-300 MW),25-Sep-24,FY 2025,18-Sep-25,FY 2026,Dilip Buildcon Ltd.,Dilip Buildcon Ltd.,0,2.801,,e-RA,,,300,Unsuccessful,No
1123,RUMSL,State,300,RTC/FDRE,Solar+ESS,STU,RUMSL-Solar+ESS-Morena 600 MW (Unit-1-300 MW),25-Sep-24,FY 2025,18-Sep-25,FY 2026,Serentica Renewables India Pvt. Ltd,Serentica,0,2.95,,e-RA,,,300,Unsuccessful,No
1124,RUMSL,State,300,RTC/FDRE,Solar+ESS,STU,RUMSL-Solar+ESS-Morena 600 MW (Unit-2-300 MW),25-Sep-24,FY 2025,18-Sep-25,FY 2026,Acme Solar Holdings Ltd. ,Acme,300,2.764,,e-RA,,,300,Full Capacity Won,Yes
1125,RUMSL,State,300,RTC/FDRE,Solar+ESS,STU,RUMSL-Solar+ESS-Morena 600 MW (Unit-2-300 MW),25-Sep-24,FY 2025,18-Sep-25,FY 2026,Ceigall India Limited,Ceigall India Limited,0,2.765,,e-RA,,,300,Unsuccessful,No
1126,RUMSL,State,300,RTC/FDRE,Solar+ESS,STU,RUMSL-Solar+ESS-Morena 600 MW (Unit-2-300 MW),25-Sep-24,FY 2025,18-Sep-25,FY 2026,Purvah Green Power Pvt. Ltd. ,Purvah Green,0,2.787,,e-RA,,,300,Unsuccessful,No
1127,RUMSL,State,300,RTC/FDRE,Solar+ESS,STU,RUMSL-Solar+ESS-Morena 600 MW (Unit-2-300 MW),25-Sep-24,FY 2025,18-Sep-25,FY 2026,Dilip Buildcon Ltd.,Dilip Buildcon Ltd.,0,2.799,,e-RA,,,300,Unsuccessful,No
1128,RUMSL,State,300,RTC/FDRE,Solar+ESS,STU,RUMSL-Solar+ESS-Morena 600 MW (Unit-2-300 MW),25-Sep-24,FY 2025,18-Sep-25,FY 2026,Engie Energy India Pvt. Ltd. ,Engie,0,2.8,,e-RA,,,300,Unsuccessful,No
1129,RUMSL,State,300,RTC/FDRE,Solar+ESS,STU,RUMSL-Solar+ESS-Morena 600 MW (Unit-2-300 MW),25-Sep-24,FY 2025,18-Sep-25,FY 2026,Shivalaya Construction,Shivalaya,0,3.01,,e-RA,,,300,Unsuccessful,No
1130,RUMSL,State,300,RTC/FDRE,Solar+ESS,STU,RUMSL-Solar+ESS-Morena 600 MW (Unit-2-300 MW),25-Sep-24,FY 2025,18-Sep-25,FY 2026,MB Power (Madhya Pradesh) Ltd. ,MB Power (Madhya Pradesh) Ltd. ,0,3.08,,e-RA,,,300,Unsuccessful,No
1131,RUMSL,State,300,RTC/FDRE,Solar+ESS,STU,RUMSL-Solar+ESS-Morena 600 MW (Unit-2-300 MW),25-Sep-24,FY 2025,18-Sep-25,FY 2026,Waree Forever Energies Pvt. Ltd. ,Waree,0,3.22,,e-RA,,,300,Unsuccessful,No
1116,KPTCL,State,150,ESS/BESS,BESS,STU,KPTCL - 150 MW/300 MWh-BESS,11-Jun-25,FY 2026,20-Aug-25,FY 2026,Prostram info systems,Prostram,150,2.54,,e-RA,,,150,Full Capacity Won,Yes
1112,Tata,State,250,FDRE,FDRE,STU,Tata-250 MW-FDRE,29-Apr-25,FY 2026,18-Aug-25,FY 2026,Juniper Green Energy,Juniper,70,4.76,,e-RA,,,70,Full Capacity Won,Yes
1113,Tata,State,250,FDRE,FDRE,STU,Tata-250 MW-FDRE,29-Apr-25,FY 2026,18-Aug-25,FY 2026,Navayuga,Navayuga,50,4.77,,e-RA,,,50,Full Capacity Won,Yes
1114,Tata,State,250,FDRE,FDRE,STU,Tata-250 MW-FDRE,29-Apr-25,FY 2026,18-Aug-25,FY 2026,Acme,ACME,50,4.77,,e-RA,,,50,Full Capacity Won,Yes
1115,Tata,State,250,FDRE,FDRE,STU,Tata-250 MW-FDRE,29-Apr-25,FY 2026,18-Aug-25,FY 2026,Tata,Tata,50,4.77,,e-RA,,,50,Full Capacity Won,Yes
1110,NVVN,Central,250,ESS/BESS,BESS,STU,NVVN-250 MW-1 GWh-BESS-UP-BESS (+VGF) -2,22-Feb-25,FY 2025,25-Jul-25,FY 2026,Sunsure,Sunsure,125,6.64,,PPA signed,125,,125,Full Capacity Won,Yes
1111,NVVN,Central,250,ESS/BESS,BESS,STU,NVVN-250 MW-1 GWh-BESS-UP-BESS (+VGF) -2,22-Feb-25,FY 2025,25-Jul-25,FY 2026,Enerica Infra,Enerica ,125,6.65,,PPA signed,125,,125,Full Capacity Won,Yes
1097,GUVNL,State,500,Solar,Solar,STU,GUVNL-500 MW-Solar-Ph. 27 (+500 MW under Greenshoe),22-May-25,FY 2026,23-Jul-25,FY 2026,Oriano Clean Energy ,Oriano,50,2.44,2.95,LoA Issued,,,50,Full Capacity Won,Yes
1098,GUVNL,State,500,Solar,Solar,STU,GUVNL-500 MW-Solar-Ph. 27 (+500 MW under Greenshoe),22-May-25,FY 2026,23-Jul-25,FY 2026,Waaree Forever,Waree,100,2.44,2.72,LoA Issued,,,100,Full Capacity Won,Yes
1099,GUVNL,State,500,Solar,Solar,STU,GUVNL-500 MW-Solar-Ph. 27 (+500 MW under Greenshoe),22-May-25,FY 2026,23-Jul-25,FY 2026,Patel Infrastructure,Patel Infra,350,2.45,2.74,LoA Issued,,,500,Partial Capacity Won,Yes
1100,GUVNL,State,500,Solar,Solar,STU,GUVNL-500 MW-Solar-Ph. 27 (+500 MW under Greenshoe),22-May-25,FY 2026,23-Jul-25,FY 2026,Sun Drops Energia (KP Group),KP Group,0,2.46,3.31,Not Applicable,,,100,Unsuccessful,No
1101,GUVNL,State,500,Solar,Solar,STU,GUVNL-500 MW-Solar-Ph. 27 (+500 MW under Greenshoe),22-May-25,FY 2026,23-Jul-25,FY 2026,SolarCraft (Blupine),Blupine,0,2.5,2.85,Not Applicable,,,70,Unsuccessful,No
1102,GUVNL,State,500,Solar,Solar,STU,GUVNL-500 MW-Solar-Ph. 27 (+500 MW under Greenshoe),22-May-25,FY 2026,23-Jul-25,FY 2026,Welspun,Welspun,0,2.5,2.79,Not Applicable,,,300,Unsuccessful,No
1103,GUVNL,State,500,Solar,Solar,STU,GUVNL-500 MW-Solar-Ph. 27 (+500 MW under Greenshoe),22-May-25,FY 2026,23-Jul-25,FY 2026,SAEL,SAEL,0,2.54,2.8,Not Applicable,,,100,Unsuccessful,No
1104,GUVNL,State,500,Solar,Solar,STU,GUVNL-500 MW-Solar-Ph. 27 (+500 MW under Greenshoe),22-May-25,FY 2026,23-Jul-25,FY 2026,Terra Clean Ltd. (IOCL),IOCL,0,2.63,2.68,Not Applicable,,,300,Unsuccessful,No
1105,GUVNL,State,500,Solar,Solar,STU,GUVNL-500 MW-Solar-Ph. 27 (+500 MW under Greenshoe),22-May-25,FY 2026,23-Jul-25,FY 2026,MKC Infrastructre,MKC,0,2.65,3.3,Not Applicable,,,50,Unsuccessful,No
1106,GUVNL,State,500,Solar,Solar,STU,GUVNL-500 MW-Solar-Ph. 27 (+500 MW under Greenshoe),22-May-25,FY 2026,23-Jul-25,FY 2026,Avaada Energy Pvt. Ltd.,Avaada,0,2.73,2.83,Not Applicable,,,500,Unsuccessful,No
1107,GUVNL,State,500,Solar,Solar,STU,GUVNL-500 MW-Solar-Ph. 27 (+500 MW under Greenshoe),22-May-25,FY 2026,23-Jul-25,FY 2026,NLC India,NLC,0,2.99,2.99,Not Applicable,,,300,Unsuccessful,No
1108,GUVNL,State,500,Solar,Solar,STU,GUVNL-500 MW-Solar-Ph. 27 (+500 MW under Greenshoe),22-May-25,FY 2026,23-Jul-25,FY 2026,ReNew,ReNew,0,3.14,3.14,Not Applicable,,,160,Unsuccessful,No
1109,GUVNL,State,500,Solar,Solar,STU,GUVNL-500 MW-Solar-Ph. 27 (+500 MW under Greenshoe),22-May-25,FY 2026,23-Jul-25,FY 2026,Shivalaya Construction,Shivalaya,0,3.29,3.29,Not Applicable,,,50,Unsuccessful,No
1083,NHPC,Central,1200,RTC/FDRE,Solar+ESS,CTU,NHPC - 1.2 GW Solar +  600 MW/ 2.4 GWh ESS (+1.2 GW under Greenshoe),26-Mar-25,FY 2025,15-Jul-25,FY 2026,Reliance Nu Energy,Reliance(Anil),390,3.13,3.66,LoA Issued,,,390,Full Capacity Won,Yes
1084,NHPC,Central,1200,RTC/FDRE,Solar+ESS,CTU,NHPC - 1.2 GW Solar +  600 MW/ 2.4 GWh ESS (+1.2 GW under Greenshoe),26-Mar-25,FY 2025,15-Jul-25,FY 2026,JBM Renewables,JBM,150,3.13,3.99,LoA Issued,,,150,Full Capacity Won,Yes
1085,NHPC,Central,1200,RTC/FDRE,Solar+ESS,CTU,NHPC - 1.2 GW Solar +  600 MW/ 2.4 GWh ESS (+1.2 GW under Greenshoe),26-Mar-25,FY 2025,15-Jul-25,FY 2026,PNC Infratech,PNC Infratech,300,3.13,3.36,LoA Issued,,,300,Full Capacity Won,Yes
1086,NHPC,Central,1200,RTC/FDRE,Solar+ESS,CTU,NHPC - 1.2 GW Solar +  600 MW/ 2.4 GWh ESS (+1.2 GW under Greenshoe),26-Mar-25,FY 2025,15-Jul-25,FY 2026,SAEL,SAEL,300,3.13,3.62,LoA Issued,,,300,Full Capacity Won,Yes
1087,NHPC,Central,1200,RTC/FDRE,Solar+ESS,CTU,NHPC - 1.2 GW Solar +  600 MW/ 2.4 GWh ESS (+1.2 GW under Greenshoe),26-Mar-25,FY 2025,15-Jul-25,FY 2026,Navayuga Engg.,Navayuga Engg.,60,3.13,4,LoA Issued,,,200,Partial Capacity Won,Yes
1088,NHPC,Central,1200,RTC/FDRE,Solar+ESS,CTU,NHPC - 1.2 GW Solar +  600 MW/ 2.4 GWh ESS (+1.2 GW under Greenshoe),26-Mar-25,FY 2025,15-Jul-25,FY 2026,Sembcorp,Sembcorp,0,3.14,3.6,Not Applicable,,,150,Unsuccessful,No
1089,NHPC,Central,1200,RTC/FDRE,Solar+ESS,CTU,NHPC - 1.2 GW Solar +  600 MW/ 2.4 GWh ESS (+1.2 GW under Greenshoe),26-Mar-25,FY 2025,15-Jul-25,FY 2026,Engie,Engie,0,3.16,4,Not Applicable,,,150,Unsuccessful,No
1090,NHPC,Central,1200,RTC/FDRE,Solar+ESS,CTU,NHPC - 1.2 GW Solar +  600 MW/ 2.4 GWh ESS (+1.2 GW under Greenshoe),26-Mar-25,FY 2025,15-Jul-25,FY 2026,ACME,ACME,0,3.22,3.8,Not Applicable,,,600,Unsuccessful,No
1091,NHPC,Central,1200,RTC/FDRE,Solar+ESS,CTU,NHPC - 1.2 GW Solar +  600 MW/ 2.4 GWh ESS (+1.2 GW under Greenshoe),26-Mar-25,FY 2025,15-Jul-25,FY 2026,Jindal India,Jindal Renewables,0,3.54,3.62,Not Applicable,,,300,Unsuccessful,No
1092,NHPC,Central,1200,RTC/FDRE,Solar+ESS,CTU,NHPC - 1.2 GW Solar +  600 MW/ 2.4 GWh ESS (+1.2 GW under Greenshoe),26-Mar-25,FY 2025,15-Jul-25,FY 2026,NTPC,NTPC,0,3.6,3.6,Not Applicable,,,300,Unsuccessful,No
1093,NHPC,Central,1200,RTC/FDRE,Solar+ESS,CTU,NHPC - 1.2 GW Solar +  600 MW/ 2.4 GWh ESS (+1.2 GW under Greenshoe),26-Mar-25,FY 2025,15-Jul-25,FY 2026,Hindustan Power,Hindustan Renewables,0,3.64,3.99,Not Applicable,,,200,Unsuccessful,No
1094,NHPC,Central,1200,RTC/FDRE,Solar+ESS,CTU,NHPC - 1.2 GW Solar +  600 MW/ 2.4 GWh ESS (+1.2 GW under Greenshoe),26-Mar-25,FY 2025,15-Jul-25,FY 2026,ReNew,Renew,0,3.86,3.87,Not Applicable,,,300,Unsuccessful,No
1095,NHPC,Central,1200,RTC/FDRE,Solar+ESS,CTU,NHPC - 1.2 GW Solar +  600 MW/ 2.4 GWh ESS (+1.2 GW under Greenshoe),26-Mar-25,FY 2025,15-Jul-25,FY 2026,Avaada Energy,Avaada,0,3.99,3.99,Not Applicable,,,600,Unsuccessful,No
1096,NHPC,Central,1200,RTC/FDRE,Solar+ESS,CTU,NHPC - 1.2 GW Solar +  600 MW/ 2.4 GWh ESS (+1.2 GW under Greenshoe),26-Mar-25,FY 2025,15-Jul-25,FY 2026,Adani,Adani,0,4.02,4.02,Not Applicable,,,600,Unsuccessful,No
1065,SJVN,Central,375,ESS/BESS,BESS,STU,SJVN_375 MW-1500 MWh_UP_BESS+VGF_BESS-1_Feb 2025,2/21/2025,FY 2025,6-Jul-25,FY 2026,Patel Engineering,Patel Infra,187.5,3.59,4.59,PPA signed,187.5,,187.5,Full Capacity Won,Yes
1066,SJVN,Central,375,ESS/BESS,BESS,STU,SJVN_375 MW-1500 MWh_UP_BESS+VGF_BESS-1_Feb 2025,2/21/2025,FY 2025,6-Jul-25,FY 2026,Enerica Infra,Indigrid,187.5,3.59,4.685,PPA signed,187.5,,187.5,Full Capacity Won,Yes
1067,SJVN,Central,375,ESS/BESS,BESS,STU,SJVN_375 MW-1500 MWh_UP_BESS+VGF_BESS-1_Feb 2025,2/21/2025,FY 2025,6-Jul-25,FY 2026,Esyasoft Technology,Esyasoft Technology,0,3.6,4.53,e-RA,,,187.5,Unsuccessful,No
1068,SJVN,Central,375,ESS/BESS,BESS,STU,SJVN_375 MW-1500 MWh_UP_BESS+VGF_BESS-1_Feb 2025,2/21/2025,FY 2025,6-Jul-25,FY 2026,JCRG (Jakson),JCRG (Jakson),0,3.62,4.47,e-RA,,,125,Unsuccessful,No
1069,SJVN,Central,375,ESS/BESS,BESS,STU,SJVN_375 MW-1500 MWh_UP_BESS+VGF_BESS-1_Feb 2025,2/21/2025,FY 2025,6-Jul-25,FY 2026,Apraava,Apraava,0,3.644,4.395,e-RA,,,187.5,Unsuccessful,No
1070,SJVN,Central,375,ESS/BESS,BESS,STU,SJVN_375 MW-1500 MWh_UP_BESS+VGF_BESS-1_Feb 2025,2/21/2025,FY 2025,6-Jul-25,FY 2026,PNC Infratech,PNC Infratech,0,3.65,4.48,e-RA,,,187.5,Unsuccessful,No
1071,SJVN,Central,375,ESS/BESS,BESS,STU,SJVN_375 MW-1500 MWh_UP_BESS+VGF_BESS-1_Feb 2025,2/21/2025,FY 2025,6-Jul-25,FY 2026,ACME,ACME,0,3.7,4.35,e-RA,,,187.5,Unsuccessful,No
1072,SJVN,Central,375,ESS/BESS,BESS,STU,SJVN_375 MW-1500 MWh_UP_BESS+VGF_BESS-1_Feb 2025,2/21/2025,FY 2025,6-Jul-25,FY 2026,Sunsure,Sunsure,0,3.96,4.59,e-RA,,,125,Unsuccessful,No
1073,SJVN,Central,375,ESS/BESS,BESS,STU,SJVN_375 MW-1500 MWh_UP_BESS+VGF_BESS-1_Feb 2025,2/21/2025,FY 2025,6-Jul-25,FY 2026,Navayuga Engg.,Navayuga Engg.,0,4.005,4.75,e-RA,,,187.5,Unsuccessful,No
1074,SJVN,Central,375,ESS/BESS,BESS,STU,SJVN_375 MW-1500 MWh_UP_BESS+VGF_BESS-1_Feb 2025,2/21/2025,FY 2025,6-Jul-25,FY 2026,Hindustan Power,Hindustan Power,0,4.26,4.79,e-RA,,,125,Unsuccessful,No
1075,SJVN,Central,375,ESS/BESS,BESS,STU,SJVN_375 MW-1500 MWh_UP_BESS+VGF_BESS-1_Feb 2025,2/21/2025,FY 2025,6-Jul-25,FY 2026,NTPC,NTPC,0,4.279,4.5,e-RA,,,187.5,Unsuccessful,No
1076,SJVN,Central,375,ESS/BESS,BESS,STU,SJVN_375 MW-1500 MWh_UP_BESS+VGF_BESS-1_Feb 2025,2/21/2025,FY 2025,6-Jul-25,FY 2026,Tata,Tata,0,4.7,4.7,e-RA,,,187.5,Unsuccessful,No
1077,SJVN,Central,375,ESS/BESS,BESS,STU,SJVN_375 MW-1500 MWh_UP_BESS+VGF_BESS-1_Feb 2025,2/21/2025,FY 2025,6-Jul-25,FY 2026,Sembcorp,Sembcorp,0,4.7,4.7,e-RA,,,187.5,Unsuccessful,No
1078,SJVN,Central,375,ESS/BESS,BESS,STU,SJVN_375 MW-1500 MWh_UP_BESS+VGF_BESS-1_Feb 2025,2/21/2025,FY 2025,6-Jul-25,FY 2026,Reliance NU Energies,Reliance NU Energies,0,4.77,4.77,e-RA,,,187.5,Unsuccessful,No
1079,SJVN,Central,375,ESS/BESS,BESS,STU,SJVN_375 MW-1500 MWh_UP_BESS+VGF_BESS-1_Feb 2025,2/21/2025,FY 2025,6-Jul-25,FY 2026,SolarWorld,SolarWorld,0,4.8,4.8,e-RA,,,125,Unsuccessful,No
1080,SJVN,Central,375,ESS/BESS,BESS,STU,SJVN_375 MW-1500 MWh_UP_BESS+VGF_BESS-1_Feb 2025,2/21/2025,FY 2025,6-Jul-25,FY 2026,JSW,JSW,0,4.81,4.81,e-RA,,,187.5,Unsuccessful,No
1081,SJVN,Central,375,ESS/BESS,BESS,STU,SJVN_375 MW-1500 MWh_UP_BESS+VGF_BESS-1_Feb 2025,2/21/2025,FY 2025,6-Jul-25,FY 2026,Avaada Energy,Avaada Energy,0,4.81,4.81,e-RA,,,187.5,Unsuccessful,No
1082,SJVN,Central,375,ESS/BESS,BESS,STU,SJVN_375 MW-1500 MWh_UP_BESS+VGF_BESS-1_Feb 2025,2/21/2025,FY 2025,6-Jul-25,FY 2026,H.G Infra Engg.,H.G Infra Engg.,0,4.84,4.84,e-RA,,,187.5,Unsuccessful,No
1059,BSPGCL,State,125,ESS/BESS,BESS,STU,BSPGCL-125 MW-500 MWh-BESS+VGF_Feb 2025,1/31/2025,FY 2025,25-Jun-25,FY 2026,Barbarik Projects,Barbarik Projects,37.5,4.44,,e-RA,,Date of Auction is tentative,37.5,Full Capacity Won,Yes
1060,BSPGCL,State,125,ESS/BESS,BESS,STU,BSPGCL-125 MW-500 MWh-BESS+VGF_Feb 2025,1/31/2025,FY 2025,25-Jun-25,FY 2026,Prostram info systems,Prostram info systems,30,4.44,,e-RA,,Date of Auction is tentative,30,Full Capacity Won,Yes
1061,BSPGCL,State,125,ESS/BESS,BESS,STU,BSPGCL-125 MW-500 MWh-BESS+VGF_Feb 2025,1/31/2025,FY 2025,25-Jun-25,FY 2026,Hindustan Thermal Project (Hindustan Power),Hindustan Power,30,4.44,,e-RA,,Date of Auction is tentative,30,Full Capacity Won,Yes
1062,BSPGCL,State,125,ESS/BESS,BESS,STU,BSPGCL-125 MW-500 MWh-BESS+VGF_Feb 2025,1/31/2025,FY 2025,25-Jun-25,FY 2026,Suryam International,Suryam International,10,4.44,,e-RA,,Date of Auction is tentative,10,Full Capacity Won,Yes
1063,BSPGCL,Central REIA,125,ESS/BESS,BESS,STU,BSPGCL-125 MW-500 MWh-BESS+VGF_Feb 2025,1/31/2025,FY 2025,25-Jun-25,FY 2026,Kundan Green Energy,Kundan Green Energy,10,4.44,,e-RA,,Date of Auction is tentative,10,Full Capacity Won,Yes
1064,BSPGCL,Central REIA,125,ESS/BESS,BESS,STU,BSPGCL-125 MW-500 MWh-BESS+VGF_Feb 2025,1/31/2025,FY 2025,25-Jun-25,FY 2026,Saatvik Green Energy,Saatvik Green Energy,7.5,4.44,,e-RA,,Date of Auction is tentative,7.5,Full Capacity Won,Yes
1036,NHPC,Central,500,ESS/BESS,BESS,STU,"NHPC - 500 MW/ 1 GWh-BESS-2 (A.P.)
[225 MW-220 kV Jammalamadugu S/s]",2/14/2025,FY 2025,6/24/2025,FY 2026,Patel Infrastructure Ltd.,Patel Infra,225,2.08,2.99,PPA signed,225,220 kV Jammalamadugu S/s,225,Full Capacity Won,Yes
1037,NHPC,Central,500,ESS/BESS,BESS,STU,"NHPC - 500 MW/ 1 GWh-BESS-2 (A.P.)
[225 MW-220 kV Jammalamadugu S/s]",2/14/2025,FY 2025,6/24/2025,FY 2026,ACME,ACME,0,2.09,2.55,e-RA,,220 kV Jammalamadugu S/s,225,Unsuccessful,No
1038,NHPC,Central,500,ESS/BESS,BESS,STU,"NHPC - 500 MW/ 1 GWh-BESS-2 (A.P.)
[225 MW-220 kV Jammalamadugu S/s]",2/14/2025,FY 2025,6/24/2025,FY 2026,HG Infra,HG Infra,0,2.16,2.7,e-RA,,220 kV Jammalamadugu S/s,225,Unsuccessful,No
1039,NHPC,Central,500,ESS/BESS,BESS,STU,"NHPC - 500 MW/ 1 GWh-BESS-2 (A.P.)
[225 MW-220 kV Jammalamadugu S/s]",2/14/2025,FY 2025,6/24/2025,FY 2026,Apraava,Apraava,0,2.27,2.841,e-RA,,220 kV Jammalamadugu S/s,225,Unsuccessful,No
1040,NHPC,Central,500,ESS/BESS,BESS,STU,"NHPC - 500 MW/ 1 GWh-BESS-2 (A.P.)
[225 MW-220 kV Jammalamadugu S/s]",2/14/2025,FY 2025,6/24/2025,FY 2026,SECI,SECI,0,2.53,3.06,e-RA,,220 kV Jammalamadugu S/s,225,Unsuccessful,No
1041,NHPC,Central,500,ESS/BESS,BESS,STU,"NHPC - 500 MW/ 1 GWh-BESS-2 (A.P.)
[225 MW-220 kV Jammalamadugu S/s]",2/14/2025,FY 2025,6/24/2025,FY 2026,Power Mech Projects,Power Mech Projects,0,2.75,2.75,e-RA,,220 kV Jammalamadugu S/s,225,Unsuccessful,No
1042,NHPC,Central,500,ESS/BESS,BESS,STU,"NHPC - 500 MW-BESS-2 (A.P.)
[400 kV Ghani S/s]",2/14/2025,FY 2025,6/24/2025,FY 2026,ACME,ACME,225,2.22,2.55,PPA signed,225,400 kV Ghani S/s,225,Full Capacity Won,Yes
1043,NHPC,Central,500,ESS/BESS,BESS,STU,"NHPC - 500 MW-BESS-2 (A.P.)
[400 kV Ghani S/s]",2/14/2025,FY 2025,6/24/2025,FY 2026,Apraava,Apraava,0,2.23,2.841,e-RA,,400 kV Ghani S/s,225,Unsuccessful,No
1044,NHPC,Central,500,ESS/BESS,BESS,STU,"NHPC - 500 MW-BESS-2 (A.P.)
[400 kV Ghani S/s]",2/14/2025,FY 2025,6/24/2025,FY 2026,Navayuga Engg. Company Ltd.,Navayuga Engg. Company Ltd.,0,2.3,2.92,e-RA,,400 kV Ghani S/s,225,Unsuccessful,No
1045,NHPC,Central,500,ESS/BESS,BESS,STU,"NHPC - 500 MW-BESS-2 (A.P.)
[400 kV Ghani S/s]",2/14/2025,FY 2025,6/24/2025,FY 2026,HG Infra,HG Infra,0,2.7,2.7,e-RA,,400 kV Ghani S/s,225,Unsuccessful,No
1046,NHPC,Central,500,ESS/BESS,BESS,STU,"NHPC - 500 MW-BESS-2 (A.P.)
[400 kV Ghani S/s]",2/14/2025,FY 2025,6/24/2025,FY 2026,NTPC,NTPC,0,2.73,2.73,e-RA,,400 kV Ghani S/s,225,Unsuccessful,No
1047,NHPC,Central,500,ESS/BESS,BESS,STU,"NHPC - 500 MW-BESS-2 (A.P.)
[400 kV Ghani S/s]",2/14/2025,FY 2025,6/24/2025,FY 2026,Power Mech Projects,Power Mech Projects,0,2.75,2.75,e-RA,,400 kV Ghani S/s,225,Unsuccessful,No
1048,NHPC,Central,500,ESS/BESS,BESS,STU,"NHPC - 500 MW-BESS-2 (A.P.)
[400 kV Ghani S/s]",2/14/2025,FY 2025,6/24/2025,FY 2026,Patel Infrastructure Ltd.,Patel Infrastructure Ltd.,0,2.99,2.99,e-RA,,400 kV Ghani S/s,225,Unsuccessful,No
1049,NHPC,Central,500,ESS/BESS,BESS,STU,"NHPC - 500 MW-BESS-2 (A.P.)
[400 kV Ghani S/s]",2/14/2025,FY 2025,6/24/2025,FY 2026,Hindustan Power,Hindustan Power,0,3.03,3.03,e-RA,,400 kV Ghani S/s,225,Unsuccessful,No
1050,NHPC,Central,500,ESS/BESS,BESS,STU,"NHPC - 500 MW-BESS-2 (A.P.)
[220 kV Kuppam S/s]",2/14/2025,FY 2025,6/24/2025,FY 2026,ACME,ACME,50,2.1,2.56,PPA signed,50,220 kV Kuppam S/s,50,Full Capacity Won,Yes
1051,NHPC,Central,500,ESS/BESS,BESS,STU,"NHPC - 500 MW-BESS-2 (A.P.)
[220 kV Kuppam S/s]",2/14/2025,FY 2025,6/24/2025,FY 2026,Onward Solar,Onward Solar,0,2.11,2.9,e-RA,,220 kV Kuppam S/s,50,Unsuccessful,No
1052,NHPC,Central,500,ESS/BESS,BESS,STU,"NHPC - 500 MW-BESS-2 (A.P.)
[220 kV Kuppam S/s]",2/14/2025,FY 2025,6/24/2025,FY 2026,NIHA Technologies,NIHA Technologies,0,2.13,2.695,e-RA,,220 kV Kuppam S/s,50,Unsuccessful,No
1053,NHPC,Central,500,ESS/BESS,BESS,STU,"NHPC - 500 MW-BESS-2 (A.P.)
[220 kV Kuppam S/s]",2/14/2025,FY 2025,6/24/2025,FY 2026,ABCI Infra,ABCI Infra,0,2.2,2.89,e-RA,,220 kV Kuppam S/s,50,Unsuccessful,No
1054,NHPC,Central,500,ESS/BESS,BESS,STU,"NHPC - 500 MW-BESS-2 (A.P.)
[220 kV Kuppam S/s]",2/14/2025,FY 2025,6/24/2025,FY 2026,HG Infra,HG Infra,0,2.7,2.7,e-RA,,220 kV Kuppam S/s,50,Unsuccessful,No
1055,NHPC,Central,500,ESS/BESS,BESS,STU,"NHPC - 500 MW-BESS-2 (A.P.)
[220 kV Kuppam S/s]",2/14/2025,FY 2025,6/24/2025,FY 2026,Power Mech Projects,Power Mech Projects,0,2.75,2.75,e-RA,,220 kV Kuppam S/s,50,Unsuccessful,No
1056,NHPC,Central,500,ESS/BESS,BESS,STU,"NHPC - 500 MW-BESS-2 (A.P.)
[220 kV Kuppam S/s]",2/14/2025,FY 2025,6/24/2025,FY 2026,Prabhu Spinning Mills,Prabhu Spinning Mills,0,2.81,2.81,e-RA,,220 kV Kuppam S/s,50,Unsuccessful,No
1057,NHPC,Central,500,ESS/BESS,BESS,STU,"NHPC - 500 MW-BESS-2 (A.P.)
[220 kV Kuppam S/s]",2/14/2025,FY 2025,6/24/2025,FY 2026,Apraava,Apraava,0,3.314,3.314,e-RA,,220 kV Kuppam S/s,50,Unsuccessful,No
1058,NHPC,Central,500,ESS/BESS,BESS,STU,"NHPC - 500 MW-BESS-2 (A.P.)
[220 kV Kuppam S/s]",2/14/2025,FY 2025,6/24/2025,FY 2026,Avaada Energy,Avaada,0,3.69,3.69,e-RA,,220 kV Kuppam S/s,50,Unsuccessful,No
1033,TNEGCL,State,500,ESS/BESS,BESS,STU,TNGECL-500 MW/ 1000 MWh BESS with VGF,3-Mar-25,FY 2025,23-Jun-25,FY 2026,Bondada Engineering,Bondada Engineering,200,2.46,,e-RA,,,200,Full Capacity Won,
1034,TNEGCL,State,500,ESS/BESS,BESS,STU,TNGECL-500 MW/ 1000 MWh BESS with VGF,3-Mar-25,FY 2025,23-Jun-25,FY 2026,Oriana Power,Oriana Power,50,2.46,,e-RA,,,50,Full Capacity Won,
1035,TNEGCL,State,500,ESS/BESS,BESS,STU,TNGECL-500 MW/ 1000 MWh BESS with VGF,3-Mar-25,FY 2025,23-Jun-25,FY 2026,NLC India Renewables,NLC India Renewables,250,2.48,,e-RA,,,250,Full Capacity Won,
1028,NVVN,Central,500,ESS/BESS,BESS,STU,NVVN-500 MW/ 1000 MWh BESS - 2 with VGF in Rajasthan,2/28/2025,FY 2025,6/21/2025,FY 2026,Solar91 Cleantech ,Solar91 Cleantech ,50,2.16,,PPA signed,50,,50,Full Capacity Won,Yes
1029,NVVN,Central,500,ESS/BESS,BESS,STU,NVVN-500 MW/ 1000 MWh BESS - 2 with VGF in Rajasthan,2/28/2025,FY 2025,6/21/2025,FY 2026,Rays Power Experts,Rays Power,50,2.187,,PPA signed,50,,50,Full Capacity Won,Yes
1030,NVVN,Central,500,ESS/BESS,BESS,STU,NVVN-500 MW/ 1000 MWh BESS - 2 with VGF in Rajasthan,2/28/2025,FY 2025,6/21/2025,FY 2026,Stockwell Solar Services,Stockwell Solar,225,2.19,,PPA signed,225,,225,Full Capacity Won,Yes
1031,NVVN,Central,500,ESS/BESS,BESS,STU,NVVN-500 MW/ 1000 MWh BESS - 2 with VGF in Rajasthan,2/28/2025,FY 2025,6/21/2025,FY 2026,Oriana Power,Oriana,125,2.19,,PPA signed,125,,125,Full Capacity Won,Yes
1032,NVVN,Central,500,ESS/BESS,BESS,STU,NVVN-500 MW/ 1000 MWh BESS - 2 with VGF in Rajasthan,2/28/2025,FY 2025,6/21/2025,FY 2026,Inox Renewable,Inox,50,2.19,,PPA signed,50,,125,Partial Capacity Won,Yes
1027,SECI,Central,400,Wind,Wind,ISTS,SECI - 400 MW-Wind-T-18,3/14/2025,FY 2025,13-Jun-25,FY 2026,Torrent Power,Torrent Power,300,3.97,,LoA Issued,,,375,Partial Capacity Won,Yes
1023,SECI,Central,1200,RTC/FDRE,RTC,CTU,SECI - 1.2 GW - RTC - 4,30-Oct-24,FY 2025,26-May-25,FY 2026,Hero Solar Energy Pvt. Ltd.,Hero,120,5.06,5.74,LoA Issued,,,120,Full Capacity Won,Yes
1024,SECI,Central,1200,RTC/FDRE,RTC,CTU,SECI - 1.2 GW - RTC - 4,30-Oct-24,FY 2025,26-May-25,FY 2026,Hexa Climate Solutions,Hexa,100,5.06,5.67,LoA Issued,,,100,Full Capacity Won,Yes
1025,SECI,Central,1200,RTC/FDRE,RTC,CTU,SECI - 1.2 GW - RTC - 4,30-Oct-24,FY 2025,26-May-25,FY 2026,Sembcorp Green Infra,Sembcorp,50,5.07,5.48,LoA Issued,,,50,Full Capacity Won,Yes
1026,SECI,Central,1200,RTC/FDRE,RTC,CTU,SECI - 1.2 GW - RTC - 4,30-Oct-24,FY 2025,26-May-25,FY 2026,Jindal India Power Ltd.,Jindal Renewables,150,5.07,5.81,PPA signed,150,,150,Full Capacity Won,Yes
1019,NHPC,Central,125,ESS/BESS,BESS,STU,NHPC - 125 MW/ 500 MWh-BESS-Kerela-T-I + VGF,17-Jan-25,FY 2025,21-May-25,FY 2026,NTPC Green,NTPC,40,4.57,,e-RA,,,40,Full Capacity Won,Yes
1020,NHPC,Central,125,ESS/BESS,BESS,STU,NHPC - 125 MW/ 500 MWh-BESS-Kerela-T-I + VGF,17-Jan-25,FY 2025,21-May-25,FY 2026,NTPC Green,NTPC,40,4.34,,e-RA,,,40,Full Capacity Won,Yes
1021,NHPC,Central,125,ESS/BESS,BESS,STU,NHPC - 125 MW/ 500 MWh-BESS-Kerela-T-I + VGF,17-Jan-25,FY 2025,21-May-25,FY 2026,Opera Energy,Opera,15,4.38,,e-RA,,,15,Full Capacity Won,Yes
1022,NHPC,Central,125,ESS/BESS,BESS,STU,NHPC - 125 MW/ 500 MWh-BESS-Kerela-T-I + VGF,17-Jan-25,FY 2025,21-May-25,FY 2026,Tata,Tata,30,4.38,,PPA signed,30,,30,Full Capacity Won,Yes
1001,SJVN,Central,1200,RTC/FDRE,Solar + ESS,CTU,SJVN 1.2 GW ISTS-Solar+ESS-1,30-Aug-24,FY 2025,9-May-25,FY 2026,SAEL,SAEL,150,3.32,4.1,LoA Issued,,,150,Full Capacity Won,Yes
1002,SJVN,Central,1200,RTC/FDRE,Solar + ESS,CTU,SJVN 1.2 GW ISTS-Solar+ESS-1,30-Aug-24,FY 2025,9-May-25,FY 2026,Jindal India,Jindal Renewables,300,3.32,4.08,LoA Issued,,,300,Full Capacity Won,Yes
1003,SJVN,Central,1200,RTC/FDRE,Solar + ESS,CTU,SJVN 1.2 GW ISTS-Solar+ESS-1,30-Aug-24,FY 2025,9-May-25,FY 2026,Sembcorp,Sembcorp,150,3.32,4.15,LoA Issued,,,150,Full Capacity Won,Yes
1004,SJVN,Central,1200,RTC/FDRE,Solar + ESS,CTU,SJVN 1.2 GW ISTS-Solar+ESS-1,30-Aug-24,FY 2025,9-May-25,FY 2026,JBM Renewables,JBM,150,3.32,3.89,LoA Issued,,,150,Full Capacity Won,Yes
1005,SJVN,Central,1200,RTC/FDRE,Solar + ESS,CTU,SJVN 1.2 GW ISTS-Solar+ESS-1,30-Aug-24,FY 2025,9-May-25,FY 2026,Fastnote Biofuels ,Hindustan Power,100,3.33,4.51,LoA Issued,,,100,Full Capacity Won,Yes
1006,SJVN,Central,1200,RTC/FDRE,Solar + ESS,CTU,SJVN 1.2 GW ISTS-Solar+ESS-1,30-Aug-24,FY 2025,9-May-25,FY 2026,Reliance Nu Energies,Reliance,350,3.33,4.23,LoA Issued,,,600,Partial Capacity Won,Yes
1007,SJVN,Central,1200,RTC/FDRE,Solar + ESS,CTU,SJVN 1.2 GW ISTS-Solar+ESS-1,30-Aug-24,FY 2025,9-May-25,FY 2026,Teerth Gopicon,Teerth Gopicon,0,3.43,3.43,Not Applicable,,,60,Unsuccessful,No
1008,SJVN,Central,1200,RTC/FDRE,Solar + ESS,CTU,SJVN 1.2 GW ISTS-Solar+ESS-1,30-Aug-24,FY 2025,9-May-25,FY 2026,NTPC,NTPC,0,3.44,3.99,Not Applicable,,,400,Unsuccessful,No
1009,SJVN,Central,1200,RTC/FDRE,Solar + ESS,CTU,SJVN 1.2 GW ISTS-Solar+ESS-1,30-Aug-24,FY 2025,9-May-25,FY 2026,Welspun Energy,Welspun Energy,0,3.47,4.14,Not Applicable,,,200,Unsuccessful,No
1010,SJVN,Central,1200,RTC/FDRE,Solar + ESS,CTU,SJVN 1.2 GW ISTS-Solar+ESS-1,30-Aug-24,FY 2025,9-May-25,FY 2026,Datta Power Infra,Datta Power Infra,0,3.49,4.55,Not Applicable,,,100,Unsuccessful,No
1011,SJVN,Central,1200,RTC/FDRE,Solar + ESS,CTU,SJVN 1.2 GW ISTS-Solar+ESS-1,30-Aug-24,FY 2025,9-May-25,FY 2026,JSW Neo Energy,JSW Neo Energy,0,3.6,3.6,Not Applicable,,,600,Unsuccessful,No
1012,SJVN,Central,1200,RTC/FDRE,Solar + ESS,CTU,SJVN 1.2 GW ISTS-Solar+ESS-1,30-Aug-24,FY 2025,9-May-25,FY 2026,HERO,HERO,0,3.81,3.81,Not Applicable,,,150,Unsuccessful,No
1013,SJVN,Central,1200,RTC/FDRE,Solar + ESS,CTU,SJVN 1.2 GW ISTS-Solar+ESS-1,30-Aug-24,FY 2025,9-May-25,FY 2026,Navayuga Engg.,Navayuga Engg.,0,4.12,4.12,Not Applicable,,,300,Unsuccessful,No
1014,SJVN,Central,1200,RTC/FDRE,Solar + ESS,CTU,SJVN 1.2 GW ISTS-Solar+ESS-1,30-Aug-24,FY 2025,9-May-25,FY 2026,Adani,Adani,0,4.29,4.29,Not Applicable,,,600,Unsuccessful,No
1015,SJVN,Central,1200,RTC/FDRE,Solar + ESS,CTU,SJVN 1.2 GW ISTS-Solar+ESS-1,30-Aug-24,FY 2025,9-May-25,FY 2026,Kaduru Solar Power Pvt. Ltd.,Kaduru Solar Power Pvt. Ltd.,0,4.3,4.3,Not Applicable,,,300,Unsuccessful,No
1016,SJVN,Central,1200,RTC/FDRE,Solar + ESS,CTU,SJVN 1.2 GW ISTS-Solar+ESS-1,30-Aug-24,FY 2025,9-May-25,FY 2026,Power Mech Projects Ltd.,Power Mech Projects Ltd.,0,4.31,4.31,Not Applicable,,,50,Unsuccessful,No
1017,SJVN,Central,1200,RTC/FDRE,Solar + ESS,CTU,SJVN 1.2 GW ISTS-Solar+ESS-1,30-Aug-24,FY 2025,9-May-25,FY 2026,ReNew,ReNew,0,4.39,4.39,Not Applicable,,,300,Unsuccessful,No
1018,SJVN,Central,1200,RTC/FDRE,Solar + ESS,CTU,SJVN 1.2 GW ISTS-Solar+ESS-1,30-Aug-24,FY 2025,9-May-25,FY 2026,Green Prairie (Enfinity Green),Green Prairie (Enfinity Green),0,4.52,4.52,Not Applicable,,,70,Unsuccessful,No
996,GUVNL,State,250,Wind,Wind,STU,GUVNL - 250 MW - Wind - Ph.9,18-Jan-25,FY 2025,22-Apr-25,FY 2026,KPI Green Energy,KP Energy,100,3.64,,LoA Issued,,,100,Full Capacity Won,Yes
997,GUVNL,State,250,Wind,Wind,STU,GUVNL - 250 MW - Wind - Ph.9,18-Jan-25,FY 2025,22-Apr-25,FY 2026,Juniper Green Energy,Juniper,50,3.65,,PPA signed,100,GUVNL allocated Additional 50 MW,50,Full Capacity Won,Yes
998,GUVNL,State,250,Wind,Wind,STU,GUVNL - 250 MW - Wind - Ph.9,18-Jan-25,FY 2025,22-Apr-25,FY 2026,JGRJ 4 Renewable,Jakson,50,3.66,,PPA signed,100,GUVNL allocated Additional 50 MW,50,Full Capacity Won,Yes
999,GUVNL,State,250,Wind,Wind,STU,GUVNL - 250 MW - Wind - Ph.9,18-Jan-25,FY 2025,22-Apr-25,FY 2026,Inox Neo Energies,Inox,50,3.66,,LoA Issued,,,100,Partial Capacity Won,Yes
1000,GUVNL,State,250,Wind,Wind,STU,GUVNL - 250 MW - Wind - Ph.9,18-Jan-25,FY 2025,22-Apr-25,FY 2026,Welspun Renewable Energy,Welspun,0,3.73,,Not Applicable,,,50,Unsuccessful,No
987,GUVNL,State,500,ESS/BESS,BESS,STU,GUVNL - 500 MW/ 1000 MWh - BESS - Ph.6 (Non-VGF),17-Jan-25,FY 2025,21-Apr-25,FY 2026,SolarWorld,Solarworld,200,2.8,2.8,e-RA,,,200,Full Capacity Won,Yes
988,GUVNL,State,500,ESS/BESS,BESS,STU,GUVNL - 500 MW/ 1000 MWh - BESS - Ph.6 (Non-VGF),17-Jan-25,FY 2025,21-Apr-25,FY 2026,H.G Infra Engg.,H G Infra Engineering,300,2.856,3.015,e-RA,,,500,Partial Capacity Won,Yes
989,GUVNL,State,500,ESS/BESS,BESS,STU,GUVNL - 500 MW/ 1000 MWh - BESS - Ph.6 (Non-VGF),17-Jan-25,FY 2025,21-Apr-25,FY 2026,JBM,JBM,0,2.99,2.99,e-RA,,,150,Unsuccessful,No
990,GUVNL,State,500,ESS/BESS,BESS,STU,GUVNL - 500 MW/ 1000 MWh - BESS - Ph.6 (Non-VGF),17-Jan-25,FY 2025,21-Apr-25,FY 2026,Rays Power Expert,Rays Power Expert,0,3.199,3.649,e-RA,,,50,Unsuccessful,No
991,GUVNL,State,500,ESS/BESS,BESS,STU,GUVNL - 500 MW/ 1000 MWh - BESS - Ph.6 (Non-VGF),17-Jan-25,FY 2025,21-Apr-25,FY 2026,KPI Green Energy,KPI Green Energy,0,3.5,4.3,e-RA,,,50,Unsuccessful,No
992,GUVNL,State,500,ESS/BESS,BESS,STU,GUVNL - 500 MW/ 1000 MWh - BESS - Ph.6 (Non-VGF),17-Jan-25,FY 2025,21-Apr-25,FY 2026,Hindustan Power,Hindustan Power,0,3.53,3.53,e-RA,,,100,Unsuccessful,No
993,GUVNL,State,500,ESS/BESS,BESS,STU,GUVNL - 500 MW/ 1000 MWh - BESS - Ph.6 (Non-VGF),17-Jan-25,FY 2025,21-Apr-25,FY 2026,NTPC,NTPC,0,3.6,3.779,e-RA,,,450,Unsuccessful,No
994,GUVNL,State,500,ESS/BESS,BESS,STU,GUVNL - 500 MW/ 1000 MWh - BESS - Ph.6 (Non-VGF),17-Jan-25,FY 2025,21-Apr-25,FY 2026,Sembcorp,Sembcorp,0,3.649,3.649,e-RA,,,180,Unsuccessful,No
995,GUVNL,State,500,ESS/BESS,BESS,STU,GUVNL - 500 MW/ 1000 MWh - BESS - Ph.6 (Non-VGF),17-Jan-25,FY 2025,21-Apr-25,FY 2026,Avaada Energy,Avaada,0,4.3,4.3,e-RA,,,250,Unsuccessful,No
982,KPTCL,State,500,ESS/BESS,BESS,STU,KPTCL - 500MW/1000MWh - BESS + VGF,18-Feb-25,FY 2025,1-Apr-25,FY 2026,Sarala Project Works Pvt. Ltd.,Sarala Projects,50,2.495,,e-RA,,,50,Full Capacity Won,Yes
983,KPTCL,State,500,ESS/BESS,BESS,STU,KPTCL - 500MW/1000MWh - BESS + VGF,18-Feb-25,FY 2025,1-Apr-25,FY 2026,Oriana Power Ltd.,Oriana,50,2.545,,e-RA,,,50,Full Capacity Won,Yes
984,KPTCL,State,500,ESS/BESS,BESS,STU,KPTCL - 500MW/1000MWh - BESS + VGF,18-Feb-25,FY 2025,1-Apr-25,FY 2026,Pace Digitek Ltd.,Pace Digitek,250,2.545,,e-RA,,,250,Full Capacity Won,Yes
985,KPTCL,State,500,ESS/BESS,BESS,STU,KPTCL - 500MW/1000MWh - BESS + VGF,18-Feb-25,FY 2025,1-Apr-25,FY 2026,NTPC Green Energy Ltd.,NTPC,0,2.91,,e-RA,,,150,Unsuccessful,No
986,KPTCL,State,500,ESS/BESS,BESS,STU,KPTCL - 500MW/1000MWh - BESS + VGF,18-Feb-25,FY 2025,1-Apr-25,FY 2026,JSW Neo Energy Ltd.,JSW,0,3.09,,e-RA,,,250,Unsuccessful,No
975,TGGENCO,State,250,ESS/BESS,BESS,STU,TGGENCO-250 MW/ 500 MWh-BESS-VGF,22-Jan-25,FY 2025,24-Mar-25,FY 2025,Bondada Engg. Ltd.,Bondada,50,2.4,,e-RA,,,50,Full Capacity Won,Yes
976,TGGENCO,State,250,ESS/BESS,BESS,STU,TGGENCO-250 MW/ 500 MWh-BESS-VGF,22-Jan-25,FY 2025,24-Mar-25,FY 2025,Oriana Power,Oriana,50,2.45,,e-RA,,,50,Full Capacity Won,Yes
977,TGGENCO,State,250,ESS/BESS,BESS,STU,TGGENCO-250 MW/ 500 MWh-BESS-VGF,22-Jan-25,FY 2025,24-Mar-25,FY 2025,Pace Digitek Ltd.,Pace Digitek,125,2.45,,e-RA,,,125,Full Capacity Won,Yes
978,TGGENCO,State,250,ESS/BESS,BESS,STU,TGGENCO-250 MW/ 500 MWh-BESS-VGF,22-Jan-25,FY 2025,24-Mar-25,FY 2025,Yash Shares and Stock,Yash Shares and Stock,0,3.22,,e-RA,,,100,Unsuccessful,No
979,TGGENCO,State,250,ESS/BESS,BESS,STU,TGGENCO-250 MW/ 500 MWh-BESS-VGF,22-Jan-25,FY 2025,24-Mar-25,FY 2025,HG Infra Engineering,H G Infra Engineering,0,3.22,,e-RA,,,250,Unsuccessful,No
980,TGGENCO,State,250,ESS/BESS,BESS,STU,TGGENCO-250 MW/ 500 MWh-BESS-VGF,22-Jan-25,FY 2025,24-Mar-25,FY 2025,Tata Power,Tata,0,3.42,,e-RA,,,250,Unsuccessful,No
981,TGGENCO,State,250,ESS/BESS,BESS,STU,TGGENCO-250 MW/ 500 MWh-BESS-VGF,22-Jan-25,FY 2025,24-Mar-25,FY 2025,NTPC Green,NTPC,0,3.49,,e-RA,,,250,Unsuccessful,No
964,NTPC,Central REIA,1200,Hybrid,Hybrid,ISTS,NTPC - 1.2 GW - Hybrid - 24/24 -03 [with Greenshoe Option of 600 MW] ,30-Oct-24,FY 2025,17-Mar-25,FY 2025,EG SOLWIN (Enfinity Global),Enfinity Global,450,3.35,,LoA issued,,,300,Partial Capacity Won,Yes
965,NTPC,Central REIA,1200,Hybrid,Hybrid,ISTS,NTPC - 1.2 GW - Hybrid - 24/24 -03 [with Greenshoe Option of 600 MW] ,30-Oct-24,FY 2025,17-Mar-25,FY 2025,Welspun Renewables,Welspun,375,3.35,,LoA issued,,,250,Partial Capacity Won,Yes
966,NTPC,Central REIA,1200,Hybrid,Hybrid,ISTS,NTPC - 1.2 GW - Hybrid - 24/24 -03 [with Greenshoe Option of 600 MW] ,30-Oct-24,FY 2025,17-Mar-25,FY 2025,NLC India Limited,NLC,675,3.35,,LoA issued,,,450,Partial Capacity Won,Yes
967,NTPC,Central REIA,1200,Hybrid,Hybrid,ISTS,NTPC - 1.2 GW - Hybrid - 24/24 -03 [with Greenshoe Option of 600 MW] ,30-Oct-24,FY 2025,17-Mar-25,FY 2025,Adani Renewables,Adani,300,4.25,,LoA issued,,,600,Partial Capacity Won,Yes
968,NTPC,Central REIA,1200,Hybrid,Hybrid,ISTS,NTPC - 1.2 GW - Hybrid - 24/24 -03 [with Greenshoe Option of 600 MW] ,30-Oct-24,FY 2025,17-Mar-25,FY 2025,Layer Hybren (Mahindra),Mahindra,0,3.4,,Not Applicable,,,240,Unsuccessful,No
969,NTPC,Central REIA,1200,Hybrid,Hybrid,ISTS,NTPC - 1.2 GW - Hybrid - 24/24 -03 [with Greenshoe Option of 600 MW] ,30-Oct-24,FY 2025,17-Mar-25,FY 2025,Ampin Energy,Amp,0,3.41,,Not Applicable,,,150,Unsuccessful,No
970,NTPC,Central REIA,1200,Hybrid,Hybrid,ISTS,NTPC - 1.2 GW - Hybrid - 24/24 -03 [with Greenshoe Option of 600 MW] ,30-Oct-24,FY 2025,17-Mar-25,FY 2025,Wyndham Renewables,Wyndham,0,3.43,,Not Applicable,,,200,Unsuccessful,No
971,NTPC,Central REIA,1200,Hybrid,Hybrid,ISTS,NTPC - 1.2 GW - Hybrid - 24/24 -03 [with Greenshoe Option of 600 MW] ,30-Oct-24,FY 2025,17-Mar-25,FY 2025,Adyant Enersol (Datta Power),Datta Power,0,3.48,,Not Applicable,,,180,Unsuccessful,No
972,NTPC,Central REIA,1200,Hybrid,Hybrid,ISTS,NTPC - 1.2 GW - Hybrid - 24/24 -03 [with Greenshoe Option of 600 MW] ,30-Oct-24,FY 2025,17-Mar-25,FY 2025,Sprng Energy,Sprng,0,3.57,,Not Applicable,,,150,Unsuccessful,No
973,NTPC,Central REIA,1200,Hybrid,Hybrid,ISTS,NTPC - 1.2 GW - Hybrid - 24/24 -03 [with Greenshoe Option of 600 MW] ,30-Oct-24,FY 2025,17-Mar-25,FY 2025,Renew Solar,Renew,0,3.69,,Not Applicable,,,300,Unsuccessful,No
974,NTPC,Central REIA,1200,Hybrid,Hybrid,ISTS,NTPC - 1.2 GW - Hybrid - 24/24 -03 [with Greenshoe Option of 600 MW] ,30-Oct-24,FY 2025,17-Mar-25,FY 2025,Purvah Green Power,Purvah Green Energy PL,0,3.82,,Not Applicable,,,150,Unsuccessful,No
958,NHPC,Central REIA,1200,Hybrid,Hybrid,ISTS,"NHPC - 1.2 GW ISTS - HYBRID -T10
(+1.2 GW under Greenshoe)",17-Dec-24,FY 2025,10-Mar-25,FY 2025,Adani,Adani,1200,3.41,3.83,LoA issued,,,1200,Full Capacity Won,Yes
959,NHPC,Central REIA,1200,Hybrid,Hybrid,ISTS,"NHPC - 1.2 GW ISTS - HYBRID -T10
(+1.2 GW under Greenshoe)",17-Dec-24,FY 2025,10-Mar-25,FY 2025,Sprng Energy,Sprng,300,3.41,3.56,LoA issued,,,300,Full Capacity Won,Yes
960,NHPC,Central REIA,1200,Hybrid,Hybrid,ISTS,"NHPC - 1.2 GW ISTS - HYBRID -T10
(+1.2 GW under Greenshoe)",17-Dec-24,FY 2025,10-Mar-25,FY 2025,Mahindra Susten,Mahindra,480,3.41,3.66,LoA issued,,,480,Full Capacity Won,Yes
961,NHPC,Central REIA,1200,Hybrid,Hybrid,ISTS,"NHPC - 1.2 GW ISTS - HYBRID -T10
(+1.2 GW under Greenshoe)",17-Dec-24,FY 2025,10-Mar-25,FY 2025,Avaada Energy,Avaada,420,3.415,3.42,LoA issued,,,500,Partial Capacity Won,Yes
962,NHPC,Central REIA,1200,Hybrid,Hybrid,ISTS,"NHPC - 1.2 GW ISTS - HYBRID -T10
(+1.2 GW under Greenshoe)",17-Dec-24,FY 2025,10-Mar-25,FY 2025,Juniper,Juniper,0,3.45,3.61,Not Applicable,,,150,Unsuccessful,No
963,NHPC,Central REIA,1200,Hybrid,Hybrid,ISTS,"NHPC - 1.2 GW ISTS - HYBRID -T10
(+1.2 GW under Greenshoe)",17-Dec-24,FY 2025,10-Mar-25,FY 2025,ReNew,ReNew,0,3.45,3.75,Not Applicable,,,600,Unsuccessful,No
949,GUVNL,State,250,Solar,Solar,STU,GUVNL 250  MW Solar Ph-26 + 250 MW under Greenshoe,18-Jan-25,FY 2025,3-Mar-25,FY 2025,Welspun Renewable,Welspun,50,2.6,2.88,PPA Signed,50,,50,Full Capacity Won,Yes
950,GUVNL,State,250,Solar,Solar,STU,GUVNL 250  MW Solar Ph-26 + 250 MW under Greenshoe,18-Jan-25,FY 2025,3-Mar-25,FY 2025,Avaada Energy,Avaada,100,2.6,2.63,PPA Signed,100,,100,Full Capacity Won,Yes
951,GUVNL,State,250,Solar,Solar,STU,GUVNL 250  MW Solar Ph-26 + 250 MW under Greenshoe,18-Jan-25,FY 2025,3-Mar-25,FY 2025,SAEL,SAEL,100,2.6,2.93,PPA Signed,100,,200,Partial Capacity Won,Yes
952,GUVNL,State,250,Solar,Solar,STU,GUVNL 250  MW Solar Ph-26 + 250 MW under Greenshoe,18-Jan-25,FY 2025,3-Mar-25,FY 2025,HG Infra,HG Infra,0,2.61,2.61,Not Applicable,,,250,Unsuccessful,No
953,GUVNL,State,250,Solar,Solar,STU,GUVNL 250  MW Solar Ph-26 + 250 MW under Greenshoe,18-Jan-25,FY 2025,3-Mar-25,FY 2025,Hindustan Power,Hindustan Power,0,2.63,3.35,Not Applicable,,,100,Unsuccessful,No
954,GUVNL,State,250,Solar,Solar,STU,GUVNL 250  MW Solar Ph-26 + 250 MW under Greenshoe,18-Jan-25,FY 2025,3-Mar-25,FY 2025,Genedge Renewables,Genedge Renewables,0,2.85,2.85,Not Applicable,,,30,Unsuccessful,No
955,GUVNL,State,250,Solar,Solar,STU,GUVNL 250  MW Solar Ph-26 + 250 MW under Greenshoe,18-Jan-25,FY 2025,3-Mar-25,FY 2025,Navayuga Engg.,Navayuga Engg.,0,2.94,2.94,Not Applicable,,,250,Unsuccessful,No
956,GUVNL,State,250,Solar,Solar,STU,GUVNL 250  MW Solar Ph-26 + 250 MW under Greenshoe,18-Jan-25,FY 2025,3-Mar-25,FY 2025,NTPC,NTPC,0,2.99,2.99,Not Applicable,,,200,Unsuccessful,No
957,GUVNL,State,250,Solar,Solar,STU,GUVNL 250  MW Solar Ph-26 + 250 MW under Greenshoe,18-Jan-25,FY 2025,3-Mar-25,FY 2025,Juniper,Juniper,0,3.04,3.04,Not Applicable,,,100,Unsuccessful,No
938,SECI,Central REIA,125,ESS/BESS,BESS,STU,"Kerala-BESS
RfS No. SECI/C&P/IPP/15/00018/24-25 ",20-Dec-24,FY 2025,27-Feb-25,FY 2025,JSW,JSW,125,4.41,,PPA Signed,125,,125,Full Capacity Won,Yes
939,SECI,Central REIA,125,ESS/BESS,BESS,STU,"Kerala-BESS
RfS No. SECI/C&P/IPP/15/00018/24-25 ",20-Dec-24,FY 2025,27-Feb-25,FY 2025,Sembcorp,Sembcorp,0,5.1,,Not Applicable,,,125,Unsuccessful,No
940,SECI,Central REIA,125,ESS/BESS,BESS,STU,"Kerala-BESS
RfS No. SECI/C&P/IPP/15/00018/24-25 ",20-Dec-24,FY 2025,27-Feb-25,FY 2025,Tata,Tata,0,5.2,,Not Applicable,,,125,Unsuccessful,No
941,SECI,Central REIA,125,ESS/BESS,BESS,STU,"Kerala-BESS
RfS No. SECI/C&P/IPP/15/00018/24-25 ",20-Dec-24,FY 2025,27-Feb-25,FY 2025,HG Infra Engineering/Solar World,H G Infra Engineering,0,5.25,,Not Applicable,,,125,Unsuccessful,No
942,SECI,Central REIA,125,ESS/BESS,BESS,STU,"Kerala-BESS
RfS No. SECI/C&P/IPP/15/00018/24-25 ",20-Dec-24,FY 2025,27-Feb-25,FY 2025,Solar World/HG Infra Engineering,Solar World,0,5.607,,Not Applicable,,,125,Unsuccessful,No
943,SECI,Central REIA,125,ESS/BESS,BESS,STU,"Kerala-BESS
RfS No. SECI/C&P/IPP/15/00018/24-25 ",20-Dec-24,FY 2025,27-Feb-25,FY 2025,Apraava,Apraava,0,5.619,,Not Applicable,,,125,Unsuccessful,No
944,SJVN,Central REIA,1200,RTC/FDRE,FDRE,ISTS,SJVN/CC-Delhi/REIA/2024/FDRE-3,31-Jul-24,FY 2025,27-Feb-25,FY 2025,ReNew,Renew Power,200,4.82,4.82,LoA issued,,including Greenshoe,200,Full Capacity Won,Yes
945,SJVN,Central REIA,1200,RTC/FDRE,FDRE,ISTS,SJVN/CC-Delhi/REIA/2024/FDRE-3,31-Jul-24,FY 2025,27-Feb-25,FY 2025,Enfinity Global,Enfinity Global,60,4.83,4.83,LoA issued,,,60,Full Capacity Won,Yes
946,SJVN,Central REIA,1200,RTC/FDRE,FDRE,ISTS,SJVN/CC-Delhi/REIA/2024/FDRE-3,31-Jul-24,FY 2025,27-Feb-25,FY 2025,Dineshchandra R Agarwal Infracon,Dineshchandra R. Agrawal Infracon,100,4.86,4.86,LoA issued,,,100,Full Capacity Won,Yes
947,SJVN,Central REIA,1200,RTC/FDRE,FDRE,ISTS,SJVN/CC-Delhi/REIA/2024/FDRE-3,31-Jul-24,FY 2025,27-Feb-25,FY 2025,Serentica,Serentica,100,4.89,5.06,LoA issued,,,100,Full Capacity Won,Yes
948,SJVN,Central REIA,1200,RTC/FDRE,FDRE,ISTS,SJVN/CC-Delhi/REIA/2024/FDRE-3,31-Jul-24,FY 2025,27-Feb-25,FY 2025,TATA Power,Tata,88,4.91,4.99,LoA issued,,,200,Partial Capacity Won,Yes
936,SJVN,Central REIA,600,Wind,Wind,ISTS,SJVN-600MW-ISTS-Wind1,27-Mar-24,FY 2024,29-Jan-25,FY 2025,UPC,UPC,100,3.99,,PPA Signed,100,,100,Full Capacity Won,Yes
937,SJVN,Central REIA,600,Wind,Wind,ISTS,SJVN-600MW-ISTS-Wind1,27-Mar-24,FY 2024,29-Jan-25,FY 2025,Adyant Enersol,Datta Power,70,3.98,,PPA Signed,70,,70,Full Capacity Won,Yes
925,RVUNL,State,500,ESS/BESS,BESS,STU,RVUNL-500 MW/ 1000 MWh-BESS-Rajasthan (+500MW Greenshoe)+ With VGF,7-Nov-24,FY 2025,24-Jan-25,FY 2025,SolarWorld Energy,Solarworld,250,2.21,2.8,PPA Signed,250,,125,Partial Capacity Won,Yes
926,RVUNL,State,500,ESS/BESS,BESS,STU,RVUNL-500 MW/ 1000 MWh-BESS-Rajasthan (+500MW Greenshoe)+ With VGF,7-Nov-24,FY 2025,24-Jan-25,FY 2025,Oriana Power,Oriana,100,2.215,2.3,PPA Signed,100,,50,Partial Capacity Won,Yes
927,RVUNL,State,500,ESS/BESS,BESS,STU,RVUNL-500 MW/ 1000 MWh-BESS-Rajasthan (+500MW Greenshoe)+ With VGF,7-Nov-24,FY 2025,24-Jan-25,FY 2025,Rays Power Expert,Rays Expert,150,2.21,2.35,PPA Signed,150,,75,Partial Capacity Won,Yes
928,RVUNL,State,500,ESS/BESS,BESS,STU,RVUNL-500 MW/ 1000 MWh-BESS-Rajasthan (+500MW Greenshoe)+ With VGF,7-Nov-24,FY 2025,24-Jan-25,FY 2025,JSW,JSW,500,2.225,2.79,PPA Signed,500,,250,Partial Capacity Won,Yes
929,RVUNL,State,500,ESS/BESS,BESS,STU,RVUNL-500 MW/ 1000 MWh-BESS-Rajasthan (+500MW Greenshoe)+ With VGF,7-Nov-24,FY 2025,24-Jan-25,FY 2025,IndiGrid,IndiGrid,0,3.7,3.7,Not Applicable,,,250,Unsuccessful,No
930,RVUNL,State,500,ESS/BESS,BESS,STU,RVUNL-500 MW/ 1000 MWh-BESS-Rajasthan (+500MW Greenshoe)+ With VGF,7-Nov-24,FY 2025,24-Jan-25,FY 2025,Reliance NU Energies,Reliance(Anil),0,2.9,2.9,Not Applicable,,,250,Unsuccessful,No
931,RVUNL,State,500,ESS/BESS,BESS,STU,RVUNL-500 MW/ 1000 MWh-BESS-Rajasthan (+500MW Greenshoe)+ With VGF,7-Nov-24,FY 2025,24-Jan-25,FY 2025,NTPC ,NTPC,0,3.1,3.1,Not Applicable,,,250,Unsuccessful,No
932,RVUNL,State,500,ESS/BESS,BESS,STU,RVUNL-500 MW/ 1000 MWh-BESS-Rajasthan (+500MW Greenshoe)+ With VGF,7-Nov-24,FY 2025,24-Jan-25,FY 2025,Bhilwara Energy,Bhilwara,0,2.6,2.6,Not Applicable,,,125,Unsuccessful,No
933,RVUNL,State,500,ESS/BESS,BESS,STU,RVUNL-500 MW/ 1000 MWh-BESS-Rajasthan (+500MW Greenshoe)+ With VGF,7-Nov-24,FY 2025,24-Jan-25,FY 2025,Swastik Infra ,Swastik Infra ,0,2.3,2.3,Not Applicable,,,100,Unsuccessful,No
934,RVUNL,State,500,ESS/BESS,BESS,STU,RVUNL-500 MW/ 1000 MWh-BESS-Rajasthan (+500MW Greenshoe)+ With VGF,7-Nov-24,FY 2025,24-Jan-25,FY 2025,HG Infra Engineering,HG Infra Engineering,0,3.8,3.8,Not Applicable,,,250,Unsuccessful,No
935,RVUNL,State,500,ESS/BESS,BESS,STU,RVUNL-500 MW/ 1000 MWh-BESS-Rajasthan (+500MW Greenshoe)+ With VGF,7-Nov-24,FY 2025,24-Jan-25,FY 2025,Avaada Energy PL,Avaada,0,5.31,5.31,Not Applicable,,,250,Unsuccessful,No
913,NHPC,Central REIA,1200,RTC/FDRE,Solar + ESS,ISTS,NHPC - 1.2 GW ISTS - Solar + 600 MW/1.2 GWh ESS -T8 ,20-Sep-24,FY 2025,23-Jan-25,FY 2025,Onix Renewable,Onix,100,3.09,4.05,LoA issued,,,100,Full Capacity Won,Yes
914,NHPC,Central REIA,1200,RTC/FDRE,Solar + ESS,ISTS,NHPC - 1.2 GW ISTS - Solar + 600 MW/1.2 GWh ESS -T8 ,20-Sep-24,FY 2025,23-Jan-25,FY 2025,Jindal India,Jindal Renewables,180,3.09,3.69,LoA issued,,,180,Full Capacity Won,Yes
915,NHPC,Central REIA,1200,RTC/FDRE,Solar + ESS,ISTS,NHPC - 1.2 GW ISTS - Solar + 600 MW/1.2 GWh ESS -T8 ,20-Sep-24,FY 2025,23-Jan-25,FY 2025,NTPC,NTPC,300,3.09,3.65,LoA issued,,,300,Full Capacity Won,Yes
916,NHPC,Central REIA,1200,RTC/FDRE,Solar + ESS,ISTS,NHPC - 1.2 GW ISTS - Solar + 600 MW/1.2 GWh ESS -T8 ,20-Sep-24,FY 2025,23-Jan-25,FY 2025,Kolar Solar Power (Rays Power Infra),Rays Power,150,3.09,3.47,LoA issued,,,150,Full Capacity Won,Yes
917,NHPC,Central REIA,1200,RTC/FDRE,Solar + ESS,ISTS,NHPC - 1.2 GW ISTS - Solar + 600 MW/1.2 GWh ESS -T8 ,20-Sep-24,FY 2025,23-Jan-25,FY 2025,ReNew,Renew Power,600,3.1,3.6,LoA issued,,Greenshoe Included,300,Partial Capacity Won,Yes
918,NHPC,Central REIA,1200,RTC/FDRE,Solar + ESS,ISTS,NHPC - 1.2 GW ISTS - Solar + 600 MW/1.2 GWh ESS -T8 ,20-Sep-24,FY 2025,23-Jan-25,FY 2025,Adani,Adani,170,3.1,3.49,LoA issued,,,600,Partial Capacity Won,Yes
919,NHPC,Central REIA,1200,RTC/FDRE,Solar + ESS,ISTS,NHPC - 1.2 GW ISTS - Solar + 600 MW/1.2 GWh ESS -T8 ,20-Sep-24,FY 2025,23-Jan-25,FY 2025,Power Mech Projects,Power Mac Projects,0,3.15,3.86,Not Applicable,,,50,Unsuccessful,No
920,NHPC,Central REIA,1200,RTC/FDRE,Solar + ESS,ISTS,NHPC - 1.2 GW ISTS - Solar + 600 MW/1.2 GWh ESS -T8 ,20-Sep-24,FY 2025,23-Jan-25,FY 2025,HERO (Clean Renewable),Hero,0,3.25,3.73,Not Applicable,,,300,Unsuccessful,No
921,NHPC,Central REIA,1200,RTC/FDRE,Solar + ESS,ISTS,NHPC - 1.2 GW ISTS - Solar + 600 MW/1.2 GWh ESS -T8 ,20-Sep-24,FY 2025,23-Jan-25,FY 2025,Gensol Engineering,Gensol,0,3.43,3.95,Not Applicable,,,210,Unsuccessful,No
922,NHPC,Central REIA,1200,RTC/FDRE,Solar + ESS,ISTS,NHPC - 1.2 GW ISTS - Solar + 600 MW/1.2 GWh ESS -T8 ,20-Sep-24,FY 2025,23-Jan-25,FY 2025,Juniper,Juniper,0,3.61,3.61,Not Applicable,,,250,Unsuccessful,No
923,NHPC,Central REIA,1200,RTC/FDRE,Solar + ESS,ISTS,NHPC - 1.2 GW ISTS - Solar + 600 MW/1.2 GWh ESS -T8 ,20-Sep-24,FY 2025,23-Jan-25,FY 2025,TATA,Tata,0,3.62,3.75,Not Applicable,,,100,Unsuccessful,No
924,NHPC,Central REIA,1200,RTC/FDRE,Solar + ESS,ISTS,NHPC - 1.2 GW ISTS - Solar + 600 MW/1.2 GWh ESS -T8 ,20-Sep-24,FY 2025,23-Jan-25,FY 2025,Avaada Energy,Avaada,0,3.64,3.64,Not Applicable,,,600,Unsuccessful,No
906,NHPC,Central REIA,1200,Solar,Solar,ISTS,"NHPC - 1.2 GW ISTS - Solar -T9 
(+1.2 GW under Greenshoe)",8-Oct-24,FY 2025,22-Jan-25,FY 2025,Teerth Gopicon,Teerth Gopicon,70,2.43,2.43,LoA issued,,,70,Full Capacity Won,Yes
907,NHPC,Central REIA,1200,Solar,Solar,ISTS,"NHPC - 1.2 GW ISTS - Solar -T9 
(+1.2 GW under Greenshoe)",8-Oct-24,FY 2025,22-Jan-25,FY 2025,Hanur Solar (Rays Powerinfra),Rays Power,600,2.44,2.58,LoA issued,,,600,Full Capacity Won,Yes
908,NHPC,Central REIA,1200,Solar,Solar,ISTS,"NHPC - 1.2 GW ISTS - Solar -T9 
(+1.2 GW under Greenshoe)",8-Oct-24,FY 2025,22-Jan-25,FY 2025,ReNew,Renew Power,900,2.443333333,2.69,LoA issued,,,900,Full Capacity Won,Yes
909,NHPC,Central REIA,1200,Solar,Solar,ISTS,"NHPC - 1.2 GW ISTS - Solar -T9 
(+1.2 GW under Greenshoe)",8-Oct-24,FY 2025,22-Jan-25,FY 2025,Avaada Energy,Avaada,600,2.47,2.69,LoA issued,,,600,Full Capacity Won,Yes
910,NHPC,Central REIA,1200,Solar,Solar,ISTS,"NHPC - 1.2 GW ISTS - Solar -T9 
(+1.2 GW under Greenshoe)",8-Oct-24,FY 2025,22-Jan-25,FY 2025,Bharat Petroleum (BPCL),BPCL,30,2.47,2.55,LoA issued,,,30,Full Capacity Won,Yes
911,NHPC,Central REIA,1200,Solar,Solar,ISTS,"NHPC - 1.2 GW ISTS - Solar -T9 
(+1.2 GW under Greenshoe)",8-Oct-24,FY 2025,22-Jan-25,FY 2025,Onward Solar,Onward,0,2.69,2.7,Not Applicable,,,50,Unsuccessful,No
912,NHPC,Central REIA,1200,Solar,Solar,ISTS,"NHPC - 1.2 GW ISTS - Solar -T9 
(+1.2 GW under Greenshoe)",8-Oct-24,FY 2025,22-Jan-25,FY 2025,Eden,Eden,0,2.69,2.69,Not Applicable,,,300,Unsuccessful,No
897,UPPCL,State,2000,Solar,Solar,ISTS/STU,UPPCL - 2 GW-ISTS/STU-SOLAR-IPP,13-Aug-24,FY 2025,4-Jan-25,FY 2025,NTPC,NTPC,1000,2.56,2.82,PPA Signed,1000,,1000,Full Capacity Won,Yes
898,UPPCL,State,2000,Solar,Solar,ISTS/STU,UPPCL - 2 GW-ISTS/STU-SOLAR-IPP,13-Aug-24,FY 2025,4-Jan-25,FY 2025,ReNew,Renew Power,300,2.56,2.95,PPA Signed,300,,300,Full Capacity Won,Yes
899,UPPCL,State,2000,Solar,Solar,ISTS/STU,UPPCL - 2 GW-ISTS/STU-SOLAR-IPP,13-Aug-24,FY 2025,4-Jan-25,FY 2025,Fastnote Biofuels,Hindustan Power,300,2.57,2.97,PPA Signed,300,,300,Full Capacity Won,Yes
900,UPPCL,State,2000,Solar,Solar,ISTS/STU,UPPCL - 2 GW-ISTS/STU-SOLAR-IPP,13-Aug-24,FY 2025,4-Jan-25,FY 2025,Adani,Adani,400,2.57,3.19,PPA Signed,400,,1000,Partial Capacity Won,Yes
901,UPPCL,State,2000,Solar,Solar,ISTS/STU,UPPCL - 2 GW-ISTS/STU-SOLAR-IPP,13-Aug-24,FY 2025,4-Jan-25,FY 2025,Hinduja,Hinduja,0,2.63,2.89,Not Applicable,,,600,Unsuccessful,No
902,UPPCL,State,2000,Solar,Solar,ISTS/STU,UPPCL - 2 GW-ISTS/STU-SOLAR-IPP,13-Aug-24,FY 2025,4-Jan-25,FY 2025,JSW,JSW,0,2.65,2.88,Not Applicable,,,600,Unsuccessful,No
903,UPPCL,State,2000,Solar,Solar,ISTS/STU,UPPCL - 2 GW-ISTS/STU-SOLAR-IPP,13-Aug-24,FY 2025,4-Jan-25,FY 2025,SAEL,SAEL,0,2.76,2.82,Not Applicable,,,300,Unsuccessful,No
904,UPPCL,State,2000,Solar,Solar,ISTS/STU,UPPCL - 2 GW-ISTS/STU-SOLAR-IPP,13-Aug-24,FY 2025,4-Jan-25,FY 2025,Nature International,Nature International,0,2.77,2.83,Not Applicable,,,50,Unsuccessful,No
905,UPPCL,State,2000,Solar,Solar,ISTS/STU,UPPCL - 2 GW-ISTS/STU-SOLAR-IPP,13-Aug-24,FY 2025,4-Jan-25,FY 2025,Torrent ,Torrent ,0,3.3,3.3,Not Applicable,,,300,Unsuccessful,No
894,SECI,Central REIA,2000,RTC/FDRE,FDRE,ISTS,SECI - 2 GW/ 8 GWh - (RE+ESS)-FDRE-6 (Assured Peak Power only on Selected Time slots),12-Sep-24,FY 2025,2-Jan-25,FY 2025,Altra Xergi Power,O2 Power,200,8.5,9.89,LoA issued,,,200,Full Capacity Won,Yes
895,SECI,Central REIA,2000,RTC/FDRE,FDRE,ISTS,SECI - 2 GW/ 8 GWh - (RE+ESS)-FDRE-6 (Assured Peak Power only on Selected Time slots),12-Sep-24,FY 2025,2-Jan-25,FY 2025,ACME,ACME,0,9.68,9.68,Not Applicable,,,300,Unsuccessful,No
896,SECI,Central REIA,2000,RTC/FDRE,FDRE,ISTS,SECI - 2 GW/ 8 GWh - (RE+ESS)-FDRE-6 (Assured Peak Power only on Selected Time slots),12-Sep-24,FY 2025,2-Jan-25,FY 2025,Avaada Energy,Avaada,0,9.85,9.99,Not Applicable,,,320,Unsuccessful,No
889,NTPC,Central REIA,1200,Hybrid,Hybrid,ISTS,NTPC-1200 MW-Wind-Solar Hybrid-24/25-02 (with 600 MW Greenshoe option),30-Aug-24,FY 2025,30-Dec-24,FY 2025,JSP Green,Jindal Renewables,525,3.38,,LoA issued,,,525,Full Capacity Won,Yes
890,NTPC,Central REIA,1200,Hybrid,Hybrid,ISTS,NTPC-1200 MW-Wind-Solar Hybrid-24/25-02 (with 600 MW Greenshoe option),30-Aug-24,FY 2025,30-Dec-24,FY 2025,Adyant Enersol,Datta Power,225,3.4,,LoA issued,,,225,Full Capacity Won,Yes
891,NTPC,Central REIA,1200,Hybrid,Hybrid,ISTS,NTPC-1200 MW-Wind-Solar Hybrid-24/25-02 (with 600 MW Greenshoe option),30-Aug-24,FY 2025,30-Dec-24,FY 2025,Green Prairie Energy IV,EverGreen Power,300,3.4,,LoA issued,,,300,Full Capacity Won,Yes
892,NTPC,Central REIA,1200,Hybrid,Hybrid,ISTS,NTPC-1200 MW-Wind-Solar Hybrid-24/25-02 (with 600 MW Greenshoe option),30-Aug-24,FY 2025,30-Dec-24,FY 2025,AMPIN Energy Utility,Amp,225,3.4,,LoA issued,,,225,Full Capacity Won,Yes
893,NTPC,Central REIA,1200,Hybrid,Hybrid,ISTS,NTPC-1200 MW-Wind-Solar Hybrid-24/25-02 (with 600 MW Greenshoe option),30-Aug-24,FY 2025,30-Dec-24,FY 2025,Adani Renewable Holding 12,Adani,525,3.4,,LoA issued,,,700,Partial Capacity Won,Yes
886,SECI,Central REIA,1000,Solar,Solar,ISTS,SECI - 1000 MW - SOLAR - ISTS - T-18,12-Sep-24,FY 2025,24-Dec-24,FY 2025,Renew Solar Power,Renew Power,250,3.04,,PPA Signed,250,,250,Full Capacity Won,Yes
887,SECI,Central REIA,1000,Solar,Solar,ISTS,SECI - 1000 MW - SOLAR - ISTS - T-18,12-Sep-24,FY 2025,24-Dec-24,FY 2025,ACME Solar Holdings,ACME,300,3.05,,PPA Signed,300,,300,Full Capacity Won,Yes
888,SECI,Central REIA,1000,Solar,Solar,ISTS,SECI - 1000 MW - SOLAR - ISTS - T-18,12-Sep-24,FY 2025,24-Dec-24,FY 2025,Adani Renewable Energy,Adani,50,3.1,,PPA Signed,50,,200,Partial Capacity Won,Yes
880,NTPC,Central REIA,1200,Solar,Solar,ISTS,NTPC 1200 MW Solar 24/25 - 02 + 600 MW Greenshoe,29-Aug-24,FY 2025,23-Dec-24,FY 2025,Bharat Petroleum,BPCL,225,2.55,,LOA Issued,,,300,Partial Capacity Won,Yes
881,NTPC,Central REIA,1200,Solar,Solar,ISTS,NTPC 1200 MW Solar 24/25 - 02 + 600 MW Greenshoe,29-Aug-24,FY 2025,23-Dec-24,FY 2025,Onward Solar Pvt. Ltd.,Onward,75,2.576666667,,LOA Issued,,,100,Partial Capacity Won,Yes
882,NTPC,Central REIA,1200,Solar,Solar,ISTS,NTPC 1200 MW Solar 24/25 - 02 + 600 MW Greenshoe,29-Aug-24,FY 2025,23-Dec-24,FY 2025,Renew Solar Pvt. Ltd.,Renew Power,450,2.583333333,,LOA Issued,,,600,Partial Capacity Won,Yes
883,NTPC,Central REIA,1200,Solar,Solar,ISTS,NTPC 1200 MW Solar 24/25 - 02 + 600 MW Greenshoe,29-Aug-24,FY 2025,23-Dec-24,FY 2025,Illuminate Hybren Pvt. Ltd.,Mahindra,180,2.583333333,,LOA Issued,,,240,Partial Capacity Won,Yes
884,NTPC,Central REIA,1200,Solar,Solar,ISTS,NTPC 1200 MW Solar 24/25 - 02 + 600 MW Greenshoe,29-Aug-24,FY 2025,23-Dec-24,FY 2025,Adyant Enersol Pvt. Ltd.,Datta Power,150,2.583333333,,LOA Issued,,,200,Partial Capacity Won,Yes
885,NTPC,Central REIA,1200,Solar,Solar,ISTS,NTPC 1200 MW Solar 24/25 - 02 + 600 MW Greenshoe,29-Aug-24,FY 2025,23-Dec-24,FY 2025,Dineshchandra R. Agrawal Infracon,Dineshchandra R. Agrawal Infracon,144,2.65,,LOA Issued,,,600,Partial Capacity Won,Yes
870,GUVNL,State,1000,Solar,Solar,STU,GUVNL 500 MW + 500 MW Greenshoe Solar Ph-25,20-Aug-24,FY 2025,18-Dec-24,FY 2025,Prozeal Green Energy,Prozeal Green Energy,100,2.55,2.66,PPA Signed,100,,100,Full Capacity Won,Yes
871,GUVNL,State,1000,Solar,Solar,STU,GUVNL 500 MW + 500 MW Greenshoe Solar Ph-25,20-Aug-24,FY 2025,18-Dec-24,FY 2025,Ausom Enterprise,Ausom Enterprise,50,2.55,2.67,PPA Signed,50,,50,Full Capacity Won,Yes
872,GUVNL,State,1000,Solar,Solar,STU,GUVNL 500 MW + 500 MW Greenshoe Solar Ph-25,20-Aug-24,FY 2025,18-Dec-24,FY 2025,Kintech Synergy,Kintech Synergy,100,2.55,2.61,PPA Signed,100,,50,Partial Capacity Won,Yes
873,GUVNL,State,1000,Solar,Solar,STU,GUVNL 500 MW + 500 MW Greenshoe Solar Ph-25,20-Aug-24,FY 2025,18-Dec-24,FY 2025,Enertech Fuel Solutions,Enertech Fuel Solutions,243,2.55,2.7,PPA Signed,243,,40,Partial Capacity Won,Yes
874,GUVNL,State,1000,Solar,Solar,STU,GUVNL 500 MW + 500 MW Greenshoe Solar Ph-25,20-Aug-24,FY 2025,18-Dec-24,FY 2025,SBB Mouldings,SBB Mouldings,10,2.55,2.65,PPA Signed,10,,10,Full Capacity Won,Yes
875,GUVNL,State,1000,Solar,Solar,STU,GUVNL 500 MW + 500 MW Greenshoe Solar Ph-25,20-Aug-24,FY 2025,18-Dec-24,FY 2025,Drashta Green Energy,Drashta Green,17,2.55,2.7,PPA Signed,17,,10,Partial Capacity Won,Yes
876,GUVNL,State,1000,Solar,Solar,STU,GUVNL 500 MW + 500 MW Greenshoe Solar Ph-25,20-Aug-24,FY 2025,18-Dec-24,FY 2025,SAEL Industries,SAEL,480,2.555,2.72,PPA Signed,480,,300,Partial Capacity Won,Yes
877,GUVNL,State,1000,Solar,Solar,STU,GUVNL 500 MW + 500 MW Greenshoe Solar Ph-25,20-Aug-24,FY 2025,18-Dec-24,FY 2025,SolarCraft (Bluepine),Bluepine,0,2.57,2.72,Not Applicable,,,80,Unsuccessful,No
878,GUVNL,State,1000,Solar,Solar,STU,GUVNL 500 MW + 500 MW Greenshoe Solar Ph-25,20-Aug-24,FY 2025,18-Dec-24,FY 2025,Dineshchandra R Agarwal Infracon,Dineshchandra R Agarwal Infracon,0,2.61,2.7,Not Applicable,,,60,Unsuccessful,No
879,GUVNL,State,1000,Solar,Solar,STU,GUVNL 500 MW + 500 MW Greenshoe Solar Ph-25,20-Aug-24,FY 2025,18-Dec-24,FY 2025,Sprng,Sprng,0,2.62,2.73,Not Applicable,,,75,Unsuccessful,No
866,NHPC,Central REIA,1200,RTC/FDRE,FDRE,ISTS,NHPC 1.2 GW ISTS- FDRE-3  (+1.2 GW under Greenshoe),28-Jun-24,FY 2025,10-Dec-24,FY 2025,Jevargi (Rays Power),Rays Power,150,4.48,4.48,LoA issued,,,300,Partial Capacity Won,Yes
867,NHPC,Central REIA,1200,RTC/FDRE,FDRE,ISTS,NHPC 1.2 GW ISTS- FDRE-3  (+1.2 GW under Greenshoe),28-Jun-24,FY 2025,10-Dec-24,FY 2025,Juniper,Juniper,500,4.512,4.6,LoA issued,,,400,Partial Capacity Won,Yes
868,NHPC,Central REIA,1200,RTC/FDRE,FDRE,ISTS,NHPC 1.2 GW ISTS- FDRE-3  (+1.2 GW under Greenshoe),28-Jun-24,FY 2025,10-Dec-24,FY 2025,Avaada Energy,Avaada,1200,4.52,4.63,LoA issued,,,1200,Full Capacity Won,Yes
869,NHPC,Central REIA,1200,RTC/FDRE,FDRE,ISTS,NHPC 1.2 GW ISTS- FDRE-3  (+1.2 GW under Greenshoe),28-Jun-24,FY 2025,10-Dec-24,FY 2025,ACME,ACME,500,4.52,4.7,PPA Signed,250,PPA signed on 20-June-2025 as per PSA with DVC for 250 MW,1200,Partial Capacity Won,Yes
852,SECI,Central REIA,2000,RTC/FDRE,Solar + ESS,ISTS,SECI 2 GW Solar + ESS -  ISTS-T-17,31-Jul-24,FY 2025,9-Dec-24,FY 2025,NTPC Renewables,NTPC,500,3.52,4.25,PPA signed,500,,500,Full Capacity Won,Yes
853,SECI,Central REIA,2000,RTC/FDRE,Solar + ESS,ISTS,SECI 2 GW Solar + ESS -  ISTS-T-17,31-Jul-24,FY 2025,9-Dec-24,FY 2025,Sembcorp Green Infra,Sembcorp,150,3.52,4.15,PPA signed,150,,150,Full Capacity Won,Yes
854,SECI,Central REIA,2000,RTC/FDRE,Solar + ESS,ISTS,SECI 2 GW Solar + ESS -  ISTS-T-17,31-Jul-24,FY 2025,9-Dec-24,FY 2025,Solarcraft Power India 8 (Bluepine),Bluepine,150,3.52,3.8,PPA signed,150,,150,Full Capacity Won,Yes
855,SECI,Central REIA,2000,RTC/FDRE,Solar + ESS,ISTS,SECI 2 GW Solar + ESS -  ISTS-T-17,31-Jul-24,FY 2025,9-Dec-24,FY 2025,HERO Solar Energy,Hero,270,3.52,4.22,PPA signed,270,,270,Full Capacity Won,Yes
856,SECI,Central REIA,2000,RTC/FDRE,Solar + ESS,ISTS,SECI 2 GW Solar + ESS -  ISTS-T-17,31-Jul-24,FY 2025,9-Dec-24,FY 2025,Reliance Power,Reliance,930,3.53,4.5,PPA signed,930,,1000,Partial Capacity Won,Yes
857,SECI,Central REIA,2000,RTC/FDRE,Solar + ESS,ISTS,SECI 2 GW Solar + ESS -  ISTS-T-17,31-Jul-24,FY 2025,9-Dec-24,FY 2025,Renew Solar Power,Renew,0,3.53,4.35,Not Applicable,,,300,Unsuccessful,No
858,SECI,Central REIA,2000,RTC/FDRE,Solar + ESS,ISTS,SECI 2 GW Solar + ESS -  ISTS-T-17,31-Jul-24,FY 2025,9-Dec-24,FY 2025,Avaada Energy,Avaada,0,3.55,3.99,Not Applicable,,,600,Unsuccessful,No
859,SECI,Central REIA,2000,RTC/FDRE,Solar + ESS,ISTS,SECI 2 GW Solar + ESS -  ISTS-T-17,31-Jul-24,FY 2025,9-Dec-24,FY 2025,JSW Neo Energy,JSW,0,3.57,4.23,Not Applicable,,,350,Unsuccessful,No
860,SECI,Central REIA,2000,RTC/FDRE,Solar + ESS,ISTS,SECI 2 GW Solar + ESS -  ISTS-T-17,31-Jul-24,FY 2025,9-Dec-24,FY 2025,AMPIN Energy Utility,Amp,0,3.55,4.15,Not Applicable,,,150,Unsuccessful,No
861,SECI,Central REIA,2000,RTC/FDRE,Solar + ESS,ISTS,SECI 2 GW Solar + ESS -  ISTS-T-17,31-Jul-24,FY 2025,9-Dec-24,FY 2025,ACME Solar Holdings,ACME,0,3.79,4.3,Not Applicable,,,400,Unsuccessful,No
862,SECI,Central REIA,2000,RTC/FDRE,Solar + ESS,ISTS,SECI 2 GW Solar + ESS -  ISTS-T-17,31-Jul-24,FY 2025,9-Dec-24,FY 2025,Juniper Green Energy,Juniper,0,3.8,4.15,Not Applicable,,,250,Unsuccessful,No
863,SECI,Central REIA,2000,RTC/FDRE,Solar + ESS,ISTS,SECI 2 GW Solar + ESS -  ISTS-T-17,31-Jul-24,FY 2025,9-Dec-24,FY 2025,HEXA,Hexa Climate,0,4.39,4.39,Not Applicable,,,300,Unsuccessful,No
864,SECI,Central REIA,2000,RTC/FDRE,Solar + ESS,ISTS,SECI 2 GW Solar + ESS -  ISTS-T-17,31-Jul-24,FY 2025,9-Dec-24,FY 2025,Pace Digitek,Pace Digitek,0,4.5,4.5,Not Applicable,,,100,Unsuccessful,No
865,RUMSL,State,170,Solar,Solar,STU,RUMSL 500MW Neemuch Solar Park,14-Mar-24,FY 2024,9-Dec-24,FY 2025,Waree,Waree,170,2.15,,PPA signed,170,,500,Partial Capacity Won,Yes
848,GUVNL,State,500,ESS/BESS,BESS,STU,GUVNL/BESS/Phase IV With VGF,30-Aug-24,FY 2025,29-Nov-24,FY 2025,Kintech Synergy Pvt. Ltd.,Kintech Synergy,100,2.26,,PPA signed,100,PPA Signed in May-2025,100,Full Capacity Won,Yes
849,GUVNL,State,500,ESS/BESS,BESS,STU,GUVNL/BESS/Phase IV With VGF,30-Aug-24,FY 2025,29-Nov-24,FY 2025,H G Infra Engg. Ltd.,H G Infra Engineering,250,2.26,,PPA signed,250,PPA Signed in May-2025,250,Full Capacity Won,Yes
850,GUVNL,State,500,ESS/BESS,BESS,STU,GUVNL/BESS/Phase IV With VGF,30-Aug-24,FY 2025,29-Nov-24,FY 2025,Bhilwara,Bhilwara,100,2.26,,PPA signed,100,PPA Signed in May-2025,100,Full Capacity Won,Yes
851,GUVNL,State,500,ESS/BESS,BESS,STU,GUVNL/BESS/Phase IV With VGF,30-Aug-24,FY 2025,29-Nov-24,FY 2025,Advait Infratech ,Advait Infratech ,50,2.26,,PPA signed,50,PPA Signed in May-2025,50,Full Capacity Won,Yes
843,UPPCL,State,2000,ESS/BESS,PHSP,ISTS/STU,UPPCL - 2 GW-ISTS/STU-PSP,13-Aug-24,FY 2025,20-Nov-24,FY 2025,JSW,JSW,1500,94.9,155,LoA issued,,AFC: 77.2 Lacs; CL: 23%,1500,Full Capacity Won,Yes
844,UPPCL,State,2000,ESS/BESS,PHSP,ISTS/STU,UPPCL - 2 GW-ISTS/STU-PSP,13-Aug-24,FY 2025,20-Nov-24,FY 2025,Adani,Adani,1250,94.9,133.5,LoA issued,,AFC: 76.5 Lacs; CL: 24%,1500,Partial Capacity Won,Yes
845,UPPCL,State,2000,ESS/BESS,PHSP,ISTS/STU,UPPCL - 2 GW-ISTS/STU-PSP,13-Aug-24,FY 2025,20-Nov-24,FY 2025,Greenko,Greenko,0,94.9902,96.5774,Not Applicable,,,2000,Unsuccessful,No
846,UPPCL,State,2000,ESS/BESS,PHSP,ISTS/STU,UPPCL - 2 GW-ISTS/STU-PSP,13-Aug-24,FY 2025,20-Nov-24,FY 2025,Avaada WaterBattery ,Avaada,0,103.875,145,Not Applicable,,,260,Unsuccessful,No
847,UPPCL,State,2000,ESS/BESS,PHSP,ISTS/STU,UPPCL - 2 GW-ISTS/STU-PSP,13-Aug-24,FY 2025,20-Nov-24,FY 2025,Torrent,Torrent,0,110.98,136.089,Not Applicable,,,1500,Unsuccessful,No
840,NTPC,Central REIA,1200,RTC/FDRE,FDRE,ISTS,NTPC/RE-CS/2024-25/HYBRID-01,30-Jun-24,FY 2025,6-Nov-24,FY 2025,HEXA,HEXA,300,4.69,4.79,LoA issued,,,300,Full Capacity Won,Yes
841,NTPC,Central REIA,1200,RTC/FDRE,FDRE,ISTS,NTPC/RE-CS/2024-25/HYBRID-01,30-Jun-24,FY 2025,6-Nov-24,FY 2025,ACME,ACME,400,4.7,4.7,LoA issued,,,400,Full Capacity Won,Yes
842,NTPC,Central REIA,1200,RTC/FDRE,FDRE,ISTS,NTPC/RE-CS/2024-25/HYBRID-01,30-Jun-24,FY 2025,6-Nov-24,FY 2025,Avaada Energy,Avaada,60,4.7,4.72,LoA issued,,,250,Partial Capacity Won,Yes
826,SJVN,Central REIA,1200,Hybrid,Hybrid,ISTS,SJVN/CC-Delhi/REIA/2024/HYBRID-3,28-Jun-24,FY 2025,5-Nov-24,FY 2025,Adyant Enersol ,Datta Power,70,3.19,3.45,LoA issued,,,70,Full Capacity Won,Yes
827,SJVN,Central REIA,1200,Hybrid,Hybrid,ISTS,SJVN/CC-Delhi/REIA/2024/HYBRID-3,28-Jun-24,FY 2025,5-Nov-24,FY 2025,Gentari Renewables,Gentari Renewables,400,3.19,3.47,LoA issued,,,400,Full Capacity Won,Yes
828,SJVN,Central REIA,1200,Hybrid,Hybrid,ISTS,SJVN/CC-Delhi/REIA/2024/HYBRID-3,28-Jun-24,FY 2025,5-Nov-24,FY 2025,Juniper,Juniper,300,3.19,3.43,LoA issued,,,300,Full Capacity Won,Yes
829,SJVN,Central REIA,1200,Hybrid,Hybrid,ISTS,SJVN/CC-Delhi/REIA/2024/HYBRID-3,28-Jun-24,FY 2025,5-Nov-24,FY 2025,Enfinity Global,Enfinity Global,300,3.19,3.44,LoA issued,,,300,Full Capacity Won,Yes
830,SJVN,Central REIA,1200,Hybrid,Hybrid,ISTS,SJVN/CC-Delhi/REIA/2024/HYBRID-3,28-Jun-24,FY 2025,5-Nov-24,FY 2025,Sunsure,Sunsure,130,3.19,3.45,LoA issued,,,150,Partial Capacity Won,Yes
831,SJVN,Central REIA,1200,Hybrid,Hybrid,ISTS,SJVN/CC-Delhi/REIA/2024/HYBRID-3,28-Jun-24,FY 2025,5-Nov-24,FY 2025,Amun Renewables (Evergreen),EverGreen Power,0,3.19,3.44,Not Applicable,,,60,Unsuccessful,No
832,SJVN,Central REIA,1200,Hybrid,Hybrid,ISTS,SJVN/CC-Delhi/REIA/2024/HYBRID-3,28-Jun-24,FY 2025,5-Nov-24,FY 2025,Sembcorp,Sembcorp,0,3.2,3.46,Not Applicable,,,300,Unsuccessful,No
833,SJVN,Central REIA,1200,Hybrid,Hybrid,ISTS,SJVN/CC-Delhi/REIA/2024/HYBRID-3,28-Jun-24,FY 2025,5-Nov-24,FY 2025,ACME,ACME,0,3.25,3.47,Not Applicable,,,400,Unsuccessful,No
834,SJVN,Central REIA,1200,Hybrid,Hybrid,ISTS,SJVN/CC-Delhi/REIA/2024/HYBRID-3,28-Jun-24,FY 2025,5-Nov-24,FY 2025,Avaada Energy,Avaada,0,3.39,3.44,Not Applicable,,,400,Unsuccessful,No
835,SJVN,Central REIA,1200,Hybrid,Hybrid,ISTS,SJVN/CC-Delhi/REIA/2024/HYBRID-3,28-Jun-24,FY 2025,5-Nov-24,FY 2025,ReNew,ReNew,0,3.4,3.4,Not Applicable,,,300,Unsuccessful,No
836,SJVN,Central REIA,1200,Hybrid,Hybrid,ISTS,SJVN/CC-Delhi/REIA/2024/HYBRID-3,28-Jun-24,FY 2025,5-Nov-24,FY 2025,Adani,Adani,0,3.48,3.48,Not Applicable,,,400,Unsuccessful,No
837,SJVN,Central REIA,1200,Hybrid,Hybrid,ISTS,SJVN/CC-Delhi/REIA/2024/HYBRID-3,28-Jun-24,FY 2025,5-Nov-24,FY 2025,Layer Hybren (Mahindra Susten),Mahindra,0,3.48,3.48,Not Applicable,,,220,Unsuccessful,No
838,SJVN,Central REIA,1200,Hybrid,Hybrid,ISTS,SJVN/CC-Delhi/REIA/2024/HYBRID-3,28-Jun-24,FY 2025,5-Nov-24,FY 2025,ABC Cleantech (Brookfield),Brookfield,0,3.48,3.49,Not Applicable,,,300,Unsuccessful,No
839,SJVN,Central REIA,1200,Hybrid,Hybrid,ISTS,SJVN/CC-Delhi/REIA/2024/HYBRID-3,28-Jun-24,FY 2025,5-Nov-24,FY 2025,Power Mac Projects,Power Mac Projects,0,3.49,3.49,Not Applicable,,,50,Unsuccessful,No
823,GUVNL,State,200,Wind,Wind,STU,GUVNL-200 MW-Wind-Phase-VIII,17-Jul-24,FY 2025,29-Oct-24,FY 2025,Juniper Green Energy,Juniper,100,3.56,,PPA signed,100,GUVNL allotted additional 50 MW,100,Full Capacity Won,Yes
824,GUVNL,State,200,Wind,Wind,STU,GUVNL-200 MW-Wind-Phase-VIII,17-Jul-24,FY 2025,29-Oct-24,FY 2025,RIH Renewables (EDF Renewables),EDF,40,3.59,,LoA issued,,,40,Full Capacity Won,Yes
825,GUVNL,State,200,Wind,Wind,STU,GUVNL-200 MW-Wind-Phase-VIII,17-Jul-24,FY 2025,29-Oct-24,FY 2025,Jakson Green,Jakson,100,3.63,,PPA signed,100,GUVNL allotted additional 50 MW,100,Full Capacity Won,Yes
816,NVVN,Central REIA,500,ESS/BESS,BESS,ISTS,NVVN-500 MW/ 1000 MWh BESS with VGF,17-Jun-24,FY 2025,22-Oct-24,FY 2025,Indigrid,Indigrid,250,2.37,,PPA Signed,250,,250,Full Capacity Won,Yes
817,NVVN,Central REIA,500,ESS/BESS,BESS,ISTS,NVVN-500 MW/ 1000 MWh BESS with VGF,17-Jun-24,FY 2025,22-Oct-24,FY 2025,Kintech Synergy,Kintech Synergy,65,2.375,3,PPA Signed,65,,65,Full Capacity Won,Yes
818,NVVN,Central REIA,500,ESS/BESS,BESS,ISTS,NVVN-500 MW/ 1000 MWh BESS with VGF,17-Jun-24,FY 2025,22-Oct-24,FY 2025,H G Infra Engineering,H G Infra Engineering,185,2.38,3.1,PPA signed,185,,250,Partial Capacity Won,Yes
819,NVVN,Central REIA,500,ESS/BESS,BESS,ISTS,NVVN-500 MW/ 1000 MWh BESS with VGF,17-Jun-24,FY 2025,22-Oct-24,FY 2025,JSW,JSW,0,2.399,3.06,Not Applicable,,,250,Unsuccessful,No
820,NVVN,Central REIA,500,ESS/BESS,BESS,ISTS,NVVN-500 MW/ 1000 MWh BESS with VGF,17-Jun-24,FY 2025,22-Oct-24,FY 2025,Gensol,Gensol,0,2.45997,3.115,Not Applicable,,,250,Unsuccessful,No
821,NVVN,Central REIA,500,ESS/BESS,BESS,ISTS,NVVN-500 MW/ 1000 MWh BESS with VGF,17-Jun-24,FY 2025,22-Oct-24,FY 2025,Avaada Energy,Avaada,0,2.7,2.98,Not Applicable,,,250,Unsuccessful,No
822,NVVN,Central REIA,500,ESS/BESS,BESS,ISTS,NVVN-500 MW/ 1000 MWh BESS with VGF,17-Jun-24,FY 2025,22-Oct-24,FY 2025,Pace Digitek,Pace Digitek,0,2.77999,3.14999,Not Applicable,,,150,Unsuccessful,No
809,NTPC,Central REIA,1200,Solar,Solar,ISTS,NTPC 1.2 GW SOLAR 24-25-01,24-Jun-24,FY 2025,17-Oct-24,FY 2025,Rays Power,Rays Power,100,2.5,2.68,LoA issued,,,100,Full Capacity Won,Yes
810,NTPC,Central REIA,1200,Solar,Solar,ISTS,NTPC 1.2 GW SOLAR 24-25-01,24-Jun-24,FY 2025,17-Oct-24,FY 2025,SAEL Industries,SAEL,300,2.5,2.72,LoA issued,,,300,Full Capacity Won,Yes
811,NTPC,Central REIA,1200,Solar,Solar,ISTS,NTPC 1.2 GW SOLAR 24-25-01,24-Jun-24,FY 2025,17-Oct-24,FY 2025,Refex Green Energy,Refex Green Energy,100,2.5,2.67,LoA issued,,,100,Full Capacity Won,Yes
812,NTPC,Central REIA,1200,Solar,Solar,ISTS,NTPC 1.2 GW SOLAR 24-25-01,24-Jun-24,FY 2025,17-Oct-24,FY 2025,Renew Power,Renew Power,300,2.51,2.77,LoA issued,,,300,Full Capacity Won,Yes
813,NTPC,Central REIA,1200,Solar,Solar,ISTS,NTPC 1.2 GW SOLAR 24-25-01,24-Jun-24,FY 2025,17-Oct-24,FY 2025,Illuminate Hybren,Mahindra,176,2.51,2.65,LoA issued,,,300,Partial Capacity Won,Yes
814,NTPC,Central REIA,1200,Solar,Solar,ISTS,NTPC 1.2 GW SOLAR 24-25-01,24-Jun-24,FY 2025,17-Oct-24,FY 2025,Onward Solar Power,Onward,0,2.52,2.7,Not Applicable,,,50,Unsuccessful,No
815,NTPC,Central REIA,1200,Solar,Solar,ISTS,NTPC 1.2 GW SOLAR 24-25-01,24-Jun-24,FY 2025,17-Oct-24,FY 2025,Adyant Enersol (Datta Power Infra),Datta Power,0,2.54,2.87,Not Applicable,,,70,Unsuccessful,No
801,SJVN,Central REIA,1200,RTC/FDRE,FDRE,ISTS,SJVN 1.2 GW ISTS-FDRE-2 [+1.2 GW Greenshoe],27-Mar-24,FY 2024,9-Oct-24,FY 2025,Hero,Hero,240,4.25,4.63,PPA signed,120,Only Base Capacity Signed,240,Full Capacity Won,Yes
802,SJVN,Central REIA,1200,RTC/FDRE,FDRE,ISTS,SJVN 1.2 GW ISTS-FDRE-2 [+1.2 GW Greenshoe],27-Mar-24,FY 2024,9-Oct-24,FY 2025,Ganeka One,Solarpack,280,4.25,4.65,PPA signed,280,Only Base Capacity Signed,280,Full Capacity Won,Yes
803,SJVN,Central REIA,1200,RTC/FDRE,FDRE,ISTS,SJVN 1.2 GW ISTS-FDRE-2 [+1.2 GW Greenshoe],27-Mar-24,FY 2024,9-Oct-24,FY 2025,Juniper,Juniper,400,4.25,4.69,PPA signed,200,Only Base Capacity Signed,400,Full Capacity Won,Yes
804,SJVN,Central REIA,1200,RTC/FDRE,FDRE,ISTS,SJVN 1.2 GW ISTS-FDRE-2 [+1.2 GW Greenshoe],27-Mar-24,FY 2024,9-Oct-24,FY 2025,ReNew,Renew Power,300,4.25,4.65,PPA signed,150,Only Base Capacity Signed,300,Full Capacity Won,Yes
805,SJVN,Central REIA,1200,RTC/FDRE,FDRE,ISTS,SJVN 1.2 GW ISTS-FDRE-2 [+1.2 GW Greenshoe],27-Mar-24,FY 2024,9-Oct-24,FY 2025,Avaada Energy,Avaada,1180,4.255,4.49,PPA signed,590,Only Base Capacity Signed,1200,Partial Capacity Won,Yes
806,SJVN,Central REIA,1200,RTC/FDRE,FDRE,ISTS,SJVN 1.2 GW ISTS-FDRE-2 [+1.2 GW Greenshoe],27-Mar-24,FY 2024,9-Oct-24,FY 2025,ACME,ACME,0,4.27,4.6,Not Applicable,,,1200,Unsuccessful,No
807,SJVN,Central REIA,1200,RTC/FDRE,FDRE,ISTS,SJVN 1.2 GW ISTS-FDRE-2 [+1.2 GW Greenshoe],27-Mar-24,FY 2024,9-Oct-24,FY 2025,Hexa,Hexa,0,4.31,4.6,Not Applicable,,,200,Unsuccessful,No
808,SJVN,Central REIA,1200,RTC/FDRE,FDRE,ISTS,SJVN 1.2 GW ISTS-FDRE-2 [+1.2 GW Greenshoe],27-Mar-24,FY 2024,9-Oct-24,FY 2025,Serentica,Serentica,0,4.42,4.59,Not Applicable,,,400,Unsuccessful,No
792,SECI,Central REIA,600,Hybrid,Hybrid,ISTS,SECI - 600 MW - Hybrid -ISTS-T-9,28-Jun-24,FY 2025,1-Oct-24,FY 2025,Juniper,Juniper,150,3.25,3.47,LoA issued,,,150,Full Capacity Won,Yes
793,SECI,Central REIA,600,Hybrid,Hybrid,ISTS,SECI - 600 MW - Hybrid -ISTS-T-9,28-Jun-24,FY 2025,1-Oct-24,FY 2025,ACME,ACME,300,3.25,3.47,LoA issued,,,300,Full Capacity Won,Yes
794,SECI,Central REIA,600,Hybrid,Hybrid,ISTS,SECI - 600 MW - Hybrid -ISTS-T-9,28-Jun-24,FY 2025,1-Oct-24,FY 2025,Sembcorp,Sembcorp,150,3.26,3.46,LoA issued,,,300,Partial Capacity Won,Yes
795,SECI,Central REIA,600,Hybrid,Hybrid,ISTS,SECI - 600 MW - Hybrid -ISTS-T-9,28-Jun-24,FY 2025,1-Oct-24,FY 2025,Adyant Enersol (Datta Infra),Datta Power,0,3.28,3.46,Not Applicable,,,60,Unsuccessful,No
796,MSEDCL,State,1000,ESS/BESS,PHSP,ISTS/STU,MSEDCL - 1 GW - ISTS/STU - PHSP,9-Mar-24,FY 2024,1-Oct-24,FY 2025,Torrent,Torrent,1500,104.98,170,PPA Signed,1500,AFC: 83.98 Lacs; CL: 25%,1500,Full Capacity Won,Yes
797,MSEDCL,State,1000,ESS/BESS,PHSP,ISTS/STU,MSEDCL - 1 GW - ISTS/STU - PHSP,9-Mar-24,FY 2024,1-Oct-24,FY 2025,JSW,JSW,1500,104.98,163.7,PPA Signed,1500,AFC: 84.66 Lacs; CL: 24%,1500,Full Capacity Won,Yes
798,MSEDCL,State,1000,ESS/BESS,PHSP,ISTS/STU,MSEDCL - 1 GW - ISTS/STU - PHSP,9-Mar-24,FY 2024,1-Oct-24,FY 2025,Adani,Adani,0,137.5,133.7,Not Applicable,,,500,Unsuccessful,No
799,MSEDCL,State,1000,ESS/BESS,PHSP,ISTS/STU,MSEDCL - 1 GW - ISTS/STU - PHSP,9-Mar-24,FY 2024,1-Oct-24,FY 2025,Ritwik Projects,Ritwik Projects,0,164.43,135,Not Applicable,,,800,Unsuccessful,No
800,MSEDCL,State,1000,ESS/BESS,PHSP,ISTS/STU,MSEDCL - 1 GW - ISTS/STU - PHSP,9-Mar-24,FY 2024,1-Oct-24,FY 2025,Greenko,Greenko,0,168.03115,138,Not Applicable,,,1200,Unsuccessful,No
778,MSEDCL,State,250,BESS,BESS,STU,MSEDCL-250 MW-BESS-1 [+ 500 MW under Green Shoe] With VGF,,,30-Sep-24,FY 2025,Pace Digitek Infra Private Limited,Pace Digitek,250,2.19,2.39,PPA Signed,250,,250,Full Capacity Won,Yes
779,MSEDCL,State,250,BESS,BESS,STU,MSEDCL-250 MW-BESS-1 [+ 500 MW under Green Shoe] With VGF,,,30-Sep-24,FY 2025,HIRA STEELS Ltd.,HIRA STEELS Ltd.,0,3.71001,3.71001,Not Applicable,,,250,Unsuccessful,No
780,MSEDCL,State,250,BESS,BESS,STU,MSEDCL-250 MW-BESS-1 [+ 500 MW under Green Shoe] With VGF,,,30-Sep-24,FY 2025,MAHATI INDUSTRIES,MAHATI INDUSTRIES,0,3.43,3.43,Not Applicable,,,250,Unsuccessful,No
781,MSEDCL,State,250,BESS,BESS,STU,MSEDCL-250 MW-BESS-1 [+ 500 MW under Green Shoe] With VGF,,,30-Sep-24,FY 2025,Pravaig Energy,Pravaig Energy,0,3.8,3.8,Not Applicable,,,250,Unsuccessful,No
782,MSEDCL,State,250,BESS,BESS,STU,MSEDCL-250 MW-BESS-1 [+ 500 MW under Green Shoe] With VGF,,,30-Sep-24,FY 2025,RELIANCE POWER,Reliance(Mukesh),0,3.21,3.21,Not Applicable,,,250,Unsuccessful,No
783,MSEDCL,State,250,BESS,BESS,STU,MSEDCL-250 MW-BESS-1 [+ 500 MW under Green Shoe] With VGF,,,30-Sep-24,FY 2025,H.G. Infra Engineering,H G Infra Engineering,0,3.94011,3.94011,Not Applicable,,,250,Unsuccessful,No
784,MSEDCL,State,250,BESS,BESS,STU,MSEDCL-250 MW-BESS-1 [+ 500 MW under Green Shoe] With VGF,,,30-Sep-24,FY 2025,BHILWARA ENERGY,BHILWARA ENERGY,0,3.99999,3.99999,Not Applicable,,,250,Unsuccessful,No
785,MSEDCL,State,250,BESS,BESS,STU,MSEDCL-250 MW-BESS-1 [+ 500 MW under Green Shoe] With VGF,,,30-Sep-24,FY 2025,IndiGrid 2 Limited,Indigrid,0,4.2205,4.2205,Not Applicable,,,250,Unsuccessful,No
786,MSEDCL,State,250,BESS,BESS,STU,MSEDCL-250 MW-BESS-1 [+ 500 MW under Green Shoe] With VGF,,,30-Sep-24,FY 2025,Avaada Energy Pvt. Ltd.,Avaada,0,4.36,4.36,Not Applicable,,,250,Unsuccessful,No
787,MSEDCL,State,250,BESS,BESS,STU,MSEDCL-250 MW-BESS-1 [+ 500 MW under Green Shoe] With VGF,,,30-Sep-24,FY 2025,Reliance Industries,Reliance(Mukesh),0,4.83,4.83,Not Applicable,,,250,Unsuccessful,No
788,MSEDCL,State,250,BESS,BESS,STU,MSEDCL-250 MW-BESS-1 [+ 500 MW under Green Shoe] With VGF,,,30-Sep-24,FY 2025,Torrent Power,Torrent,0,4.84,4.84,Not Applicable,,,250,Unsuccessful,No
789,MSEDCL,State,250,BESS,BESS,STU,MSEDCL-250 MW-BESS-1 [+ 500 MW under Green Shoe] With VGF,,,30-Sep-24,FY 2025,SOLARCRAFT (Bluepine),Bluepine,0,4.93,4.93,Not Applicable,,,250,Unsuccessful,No
790,MSEDCL,State,250,BESS,BESS,STU,MSEDCL-250 MW-BESS-1 [+ 500 MW under Green Shoe] With VGF,,,30-Sep-24,FY 2025,Ravindra Energy,Ravindra Energy,0,5.4,5.4,Not Applicable,,,250,Unsuccessful,No
791,MSEDCL,State,250,BESS,BESS,STU,MSEDCL-250 MW-BESS-1 [+ 500 MW under Green Shoe] With VGF,,,30-Sep-24,FY 2025,RAMALINGAM CONST.,RAMALINGAM CONST.,0,7.4,7.4,Not Applicable,,,250,Unsuccessful,No
776,SECI,Central REIA,1200,Wind,Wind,ISTS,SECI-500MW-Wind-T-17,29-May-24,FY 2025,14-Sep-24,FY 2025,Powerica,Powerica,50,3.81,,PPA signed,50,,500,Partial Capacity Won,Yes
777,SECI,Central REIA,1200,Wind,Wind,ISTS,SECI-500MW-Wind-T-17,29-May-24,FY 2025,14-Sep-24,FY 2025,Adyant,Adyani Enersol Private Limited,0,3.82,,Not Applicable,,,500,Unsuccessful,No
771,SECI,Central REIA,1000,ESS/BESS,BESS,ISTS,SECI 1000MW/2000MWh BESS Standalone,26-Jun-24,FY 2025,13-Sep-24,FY 2025,Reliance Power,Reliance,500,3.8199,4.62,LoA issued,,,1000,Partial Capacity Won,Yes
772,SECI,Central REIA,1000,ESS/BESS,BESS,ISTS,SECI 1000MW/2000MWh BESS Standalone,26-Jun-24,FY 2025,13-Sep-24,FY 2025,JSW Neo Energy,JSW,500,3.81,4.54,LoA issued,,,500,Full Capacity Won,Yes
773,SECI,Central REIA,1000,ESS/BESS,BESS,ISTS,SECI 1000MW/2000MWh BESS Standalone,26-Jun-24,FY 2025,13-Sep-24,FY 2025,Gensol Engineering Limited,Gensol,0,3.82995,4.41,Not Applicable,,,1000,Unsuccessful,No
774,SECI,Central REIA,1000,ESS/BESS,BESS,ISTS,SECI 1000MW/2000MWh BESS Standalone,26-Jun-24,FY 2025,13-Sep-24,FY 2025,Avaada Energy Priavte Limited,Avaada,0,3.88,4.27,Not Applicable,,,500,Unsuccessful,No
775,SECI,Central REIA,1000,ESS/BESS,BESS,ISTS,SECI 1000MW/2000MWh BESS Standalone,26-Jun-24,FY 2025,13-Sep-24,FY 2025,Acme,Acme,0,4.05998,4.44999,Not Applicable,,,250,Unsuccessful,No
765,NHPC,Central REIA,1200,RTC/FDRE,FDRE,ISTS,NHPC 1.2 GW ISTS- FDRE-II  (+1.2 GW under Greenshoe),2-Mar-24,FY 2024,12-Sep-24,FY 2025,Essar,Essar,300,4.37,4.71,LoA issued,,,300,Full Capacity Won,Yes
766,NHPC,Central REIA,1200,RTC/FDRE,FDRE,ISTS,NHPC 1.2 GW ISTS- FDRE-II  (+1.2 GW under Greenshoe),2-Mar-24,FY 2024,12-Sep-24,FY 2025,Serentica,Sterlite,150,4.37,4.78,LoA issued,,,150,Full Capacity Won,Yes
767,NHPC,Central REIA,1200,RTC/FDRE,FDRE,ISTS,NHPC 1.2 GW ISTS- FDRE-II  (+1.2 GW under Greenshoe),2-Mar-24,FY 2024,12-Sep-24,FY 2025,Juniper Green Cosmic Pvt. Ltd.,Juniper,250,4.37,4.79,PPA Signed,250,Powerline Mag. Shows that this PPA is signed with PSA being signed with DHBVNL and UHBNNL.,250,Full Capacity Won,Yes
768,NHPC,Central REIA,1200,RTC/FDRE,FDRE,ISTS,NHPC 1.2 GW ISTS- FDRE-II  (+1.2 GW under Greenshoe),2-Mar-24,FY 2024,12-Sep-24,FY 2025,Hexa Climate,Hexa Climate,200,4.374,4.83,LoA issued,,,200,Full Capacity Won,Yes
769,NHPC,Central REIA,1200,RTC/FDRE,FDRE,ISTS,NHPC 1.2 GW ISTS- FDRE-II  (+1.2 GW under Greenshoe),2-Mar-24,FY 2024,12-Sep-24,FY 2025,Avaada Energy,Avaada,1200,4.373916667,4.79,LoA issued,,,2400,Partial Capacity Won,Yes
770,NHPC,Central REIA,1200,RTC/FDRE,FDRE,ISTS,NHPC 1.2 GW ISTS- FDRE-II  (+1.2 GW under Greenshoe),2-Mar-24,FY 2024,12-Sep-24,FY 2025,Acme,Acme,0,4.39,4.39,Not Applicable,,,600,Unsuccessful,No
758,NHPC,Central REIA,1200,Solar,Solar,ISTS,NHPC 1.2 GW (+1.2 Greenshoe) Solar-3,3-May-24,FY 2025,9-Sep-24,FY 2025,Essar Power,Essar,600,2.56,2.67,LoA issued,,,600,Full Capacity Won,Yes
759,NHPC,Central REIA,1200,Solar,Solar,ISTS,NHPC 1.2 GW (+1.2 Greenshoe) Solar-3,3-May-24,FY 2025,9-Sep-24,FY 2025,Onward Solar,Onward,100,2.56,2.7,LoA issued,,,100,Full Capacity Won,Yes
760,NHPC,Central REIA,1200,Solar,Solar,ISTS,NHPC 1.2 GW (+1.2 Greenshoe) Solar-3,3-May-24,FY 2025,9-Sep-24,FY 2025,Mahindra Susten,Mahindra,600,2.565,2.73,LoA issued,,,600,Full Capacity Won,Yes
761,NHPC,Central REIA,1200,Solar,Solar,ISTS,NHPC 1.2 GW (+1.2 Greenshoe) Solar-3,3-May-24,FY 2025,9-Sep-24,FY 2025,Jevargi Solar,Rays Power,400,2.56,2.77,LoA issued,,,400,Full Capacity Won,Yes
762,NHPC,Central REIA,1200,Solar,Solar,ISTS,NHPC 1.2 GW (+1.2 Greenshoe) Solar-3,3-May-24,FY 2025,9-Sep-24,FY 2025,Avaada,Avaada,700,2.565,2.67,LoA issued,,,1200,Partial Capacity Won,Yes
763,NHPC,Central REIA,1200,Solar,Solar,ISTS,NHPC 1.2 GW (+1.2 Greenshoe) Solar-3,3-May-24,FY 2025,9-Sep-24,FY 2025,NTPC,NTPC,0,2.58,2.68,Not Applicable,,,300,Unsuccessful,No
764,NHPC,Central REIA,1200,Solar,Solar,ISTS,NHPC 1.2 GW (+1.2 Greenshoe) Solar-3,3-May-24,FY 2025,9-Sep-24,FY 2025,Acme,Acme,0,2.65,2.7,Not Applicable,,,600,Unsuccessful,No
754,MSEDCL,State,1650,Hybrid,Hybrid,STU,MSEDCL 1.65 GW STU/ISTS-Hybrid-Ph.4 + 1.65 GW under Green Shoe,9-Jul-24,FY 2025,28-Aug-24,FY 2025,JSW,JSW,200,3.6,3.75,PPA signed,200,,200,Full Capacity Won,Yes
755,MSEDCL,State,1650,Hybrid,Hybrid,STU,MSEDCL 1.65 GW STU/ISTS-Hybrid-Ph.4 + 1.65 GW under Green Shoe,9-Jul-24,FY 2025,28-Aug-24,FY 2025,Juniper,Juniper,75,3.65,3.65,PPA signed,75,,75,Full Capacity Won,Yes
756,MSEDCL,State,1650,Hybrid,Hybrid,STU,MSEDCL 1.65 GW STU/ISTS-Hybrid-Ph.4 + 1.65 GW under Green Shoe,9-Jul-24,FY 2025,28-Aug-24,FY 2025,Tata,Tata,200,3.68,3.74,PPA signed,200,,200,Full Capacity Won,Yes
757,MSEDCL,State,1650,Hybrid,Hybrid,STU,MSEDCL 1.65 GW STU/ISTS-Hybrid-Ph.4 + 1.65 GW under Green Shoe,9-Jul-24,FY 2025,28-Aug-24,FY 2025,Avaada Energy,Avaada,500,3.69,3.69,PPA signed,500,,500,Full Capacity Won,Yes
753,CESC,Central REIA,150,Solar,Solar,ISTS,RfS No. ED(PM)/2024-25/165 (CESC 150 MW + 150 MW Greenshoe),26-Jul-24,FY 2025,27-Aug-24,FY 2025,Purvah Green Energy PL,Purvah Green Energy PL,300,2.69,,PPA signed,300,,300,Full Capacity Won,Yes
748,SECI,Central REIA,500,Solar,Solar,ISTS,SECI-500 MW-Solar-T-16,29-May-24,FY 2025,12-Aug-24,FY 2025,SAEL,SAEL,250,2.48,,LoA issued,,,300,Partial Capacity Won,Yes
749,SECI,Central REIA,500,Solar,Solar,ISTS,SECI-500 MW-Solar-T-16,29-May-24,FY 2025,12-Aug-24,FY 2025,NTPC REL,NTPC,200,2.48,,LoA issued,,,300,Partial Capacity Won,Yes
750,SECI,Central REIA,500,Solar,Solar,ISTS,SECI-500 MW-Solar-T-16,29-May-24,FY 2025,12-Aug-24,FY 2025,Solar Craft Power India Pvt. Ltd.,Bluepine,150,2.49,,Capacity Surrendered,,Capacity Surrendered,100,Partial Capacity Won,Yes
751,SECI,Central REIA,500,Solar,Solar,ISTS,SECI-500 MW-Solar-T-16,29-May-24,FY 2025,12-Aug-24,FY 2025,Acme,Acme,250,2.49,2.64,Not Applicable,,,300,Partial Capacity Won,Yes
752,SECI,Central REIA,500,Solar,Solar,ISTS,SECI-500 MW-Solar-T-16,29-May-24,FY 2025,12-Aug-24,FY 2025,Adyani Enersol Private Limited,Adyani Enersol Private Limited,90,2.53,2.66,Not Applicable,,,400,Partial Capacity Won,Yes
738,SJVN,Central REIA,1200,Solar,Solar,ISTS,SJVN 1.2 GW ISTS-Solar-2,30-Apr-24,FY 2025,8-Aug-24,FY 2025,ACME,ACME,300,2.52,2.67,LoA issued,,,300,Full Capacity Won,Yes
739,SJVN,Central REIA,1200,Solar,Solar,ISTS,SJVN 1.2 GW ISTS-Solar-2,30-Apr-24,FY 2025,8-Aug-24,FY 2025,SAEL,SAEL,300,2.52,2.82,LoA issued,,,300,Full Capacity Won,Yes
740,SJVN,Central REIA,1200,Solar,Solar,ISTS,SJVN 1.2 GW ISTS-Solar-2,30-Apr-24,FY 2025,8-Aug-24,FY 2025,Onward Solar,MPCl industries limited,100,2.52,2.7,LoA issued,,,100,Full Capacity Won,Yes
741,SJVN,Central REIA,1200,Solar,Solar,ISTS,SJVN 1.2 GW ISTS-Solar-2,30-Apr-24,FY 2025,8-Aug-24,FY 2025,Essar,Essar,300,2.52,2.64,LoA issued,,,300,Full Capacity Won,Yes
742,SJVN,Central REIA,1200,Solar,Solar,ISTS,SJVN 1.2 GW ISTS-Solar-2,30-Apr-24,FY 2025,8-Aug-24,FY 2025,NTPC,NTPC,200,2.53,2.66,LoA issued,,,400,Partial Capacity Won,Yes
743,SJVN,Central REIA,1200,Solar,Solar,ISTS,SJVN 1.2 GW ISTS-Solar-2,30-Apr-24,FY 2025,8-Aug-24,FY 2025,Sherisha Technology,Sherisha Technology,0,2.56,2.62,Not Applicable,,,400,Unsuccessful,No
744,SJVN,Central REIA,1200,Solar,Solar,ISTS,SJVN 1.2 GW ISTS-Solar-2,30-Apr-24,FY 2025,8-Aug-24,FY 2025,Mahindra Susten,Mahindra,0,2.66,2.76,Not Applicable,,,300,Unsuccessful,No
745,SJVN,Central REIA,1200,Solar,Solar,ISTS,SJVN 1.2 GW ISTS-Solar-2,30-Apr-24,FY 2025,8-Aug-24,FY 2025,Avaada Energy,Avaada,0,2.67,2.67,Not Applicable,,,600,Unsuccessful,No
746,SJVN,Central REIA,1200,Solar,Solar,ISTS,SJVN 1.2 GW ISTS-Solar-2,30-Apr-24,FY 2025,8-Aug-24,FY 2025,Bluepine,Bluepine,0,2.74,2.74,Not Applicable,,,300,Unsuccessful,No
747,SJVN,Central REIA,1200,Solar,Solar,ISTS,SJVN 1.2 GW ISTS-Solar-2,30-Apr-24,FY 2025,8-Aug-24,FY 2025,ReNew,ReNew,0,2.78,2.78,Not Applicable,,,300,Unsuccessful,No
731,NTPC,Central REIA,1000,Hybrid,Hybrid,ISTS,NTPC 1 GW HYBRID ISTS [T-6 | BOO-17,27-Mar-24,FY 2024,26-Jul-24,FY 2025,Juniper,Juniper,150,3.43,3.43,LoA issued,,,150,Full Capacity Won,Yes
732,NTPC,Central REIA,1000,Hybrid,Hybrid,ISTS,NTPC 1 GW HYBRID ISTS [T-6 | BOO-17,27-Mar-24,FY 2024,26-Jul-24,FY 2025,O2,O2 Power,250,3.45,3.47,LoA issued,,,250,Full Capacity Won,Yes
733,NTPC,Central REIA,1000,Hybrid,Hybrid,ISTS,NTPC 1 GW HYBRID ISTS [T-6 | BOO-17,27-Mar-24,FY 2024,26-Jul-24,FY 2025,JSW,JSW,300,3.45,3.49,LoA issued,,,300,Full Capacity Won,Yes
734,NTPC,Central REIA,1000,Hybrid,Hybrid,ISTS,NTPC 1 GW HYBRID ISTS [T-6 | BOO-17,27-Mar-24,FY 2024,26-Jul-24,FY 2025,Datta Power,Datta Power,70,3.45,3.46,LoA issued,,,70,Full Capacity Won,Yes
735,NTPC,Central REIA,1000,Hybrid,Hybrid,ISTS,NTPC 1 GW HYBRID ISTS [T-6 | BOO-17,27-Mar-24,FY 2024,26-Jul-24,FY 2025,Avaada Energy ,Avaada,230,3.46,3.46,LoA issued,,,500,Partial Capacity Won,Yes
736,NTPC,Central REIA,1000,Hybrid,Hybrid,ISTS,NTPC 1 GW HYBRID ISTS [T-6 | BOO-17,27-Mar-24,FY 2024,26-Jul-24,FY 2025,Adani Green,Adani,0,3.52,3.52,Not Applicable,,,500,Unsuccessful,No
737,NTPC,Central REIA,1000,Hybrid,Hybrid,ISTS,NTPC 1 GW HYBRID ISTS [T-6 | BOO-17,27-Mar-24,FY 2024,26-Jul-24,FY 2025,Mahindra Susten,Mahindra,0,3.52,3.52,Not Applicable,,,100,Unsuccessful,No
726,SECI,Central REIA,630,RTC/FDRE,FDRE,ISTS,SECI - 630 MW - FDRE - IV,15-Nov-23,FY 2024,25-Jul-24,FY 2025,Vena Energy,Vena Energy,100,4.98,5.39,PPA signed,100,Signed on 24-Jul-2025,100,Full Capacity Won,Yes
727,SECI,Central REIA,630,RTC/FDRE,FDRE,ISTS,SECI - 630 MW - FDRE - IV,15-Nov-23,FY 2024,25-Jul-24,FY 2025,Hero,Hero,100,4.98,5.47,PPA signed,100,Signed on 27-Jul-2025,100,Full Capacity Won,Yes
728,SECI,Central REIA,630,RTC/FDRE,FDRE,ISTS,SECI - 630 MW - FDRE - IV,15-Nov-23,FY 2024,25-Jul-24,FY 2025,JSW Neo Energy,JSW,230,4.98,5.16,PPA signed,230,Signed on 24-Jul-2025,230,Full Capacity Won,Yes
729,SECI,Central REIA,630,RTC/FDRE,FDRE,ISTS,SECI - 630 MW - FDRE - IV,15-Nov-23,FY 2024,25-Jul-24,FY 2025,Hexa,Hexa Climate,100,4.99,5.53,PPA signed,100,Signed on 24-Jul-2025,100,Full Capacity Won,Yes
730,SECI,Central REIA,630,RTC/FDRE,FDRE,ISTS,SECI - 630 MW - FDRE - IV,15-Nov-23,FY 2024,25-Jul-24,FY 2025,Serentica Renewables,Serentica,100,4.99,5.46,PPA signed,100,Signed on 27-Jul-2025,250,Partial Capacity Won,Yes
717,SECI,Central REIA,1200,RTC/FDRE,Solar + ESS,ISTS,SECI-1200 MW-Solar+600 MW ESS-T-15-Mar 2024,16-Mar-24,FY 2024,16-Jul-24,FY 2025,Pace Digitek Infra Private Limited,Pace Digitek,100,3.41,4.14,PPA signed,100,,100,Full Capacity Won,Yes
718,SECI,Central REIA,1200,RTC/FDRE,Solar + ESS,ISTS,SECI-1200 MW-Solar+600 MW ESS-T-15-Mar 2024,16-Mar-24,FY 2024,16-Jul-24,FY 2025,Hero Solar ,Hero,250,3.42,4.23,PPA signed,250,,250,Full Capacity Won,Yes
719,SECI,Central REIA,1200,RTC/FDRE,Solar + ESS,ISTS,SECI-1200 MW-Solar+600 MW ESS-T-15-Mar 2024,16-Mar-24,FY 2024,16-Jul-24,FY 2025,ACME,ACME,350,3.42,3.79,PPA signed,150,Partial PPA Signed,350,Full Capacity Won,Yes
720,SECI,Central REIA,1200,RTC/FDRE,Solar + ESS,ISTS,SECI-1200 MW-Solar+600 MW ESS-T-15-Mar 2024,16-Mar-24,FY 2024,16-Jul-24,FY 2025,JSW,JSW,500,3.42,3.99,LoA issued,,,600,Partial Capacity Won,Yes
721,SECI,Central REIA,1200,RTC/FDRE,Solar + ESS,ISTS,SECI-1200 MW-Solar+600 MW ESS-T-15-Mar 2024,16-Mar-24,FY 2024,16-Jul-24,FY 2025,NTPC,NTPC,0,3.43,4.02,Not Applicable,,,300,Unsuccessful,No
722,SECI,Central REIA,1200,RTC/FDRE,Solar + ESS,ISTS,SECI-1200 MW-Solar+600 MW ESS-T-15-Mar 2024,16-Mar-24,FY 2024,16-Jul-24,FY 2025,SolarCraft (Bluepine),Bluepine,0,3.5,3.81,Not Applicable,,,150,Unsuccessful,No
723,SECI,Central REIA,1200,RTC/FDRE,Solar + ESS,ISTS,SECI-1200 MW-Solar+600 MW ESS-T-15-Mar 2024,16-Mar-24,FY 2024,16-Jul-24,FY 2025,Rays Power Infra,Rays Power Infra,0,3.5,3.82,Not Applicable,,,100,Unsuccessful,No
724,SECI,Central REIA,1200,RTC/FDRE,Solar + ESS,ISTS,SECI-1200 MW-Solar+600 MW ESS-T-15-Mar 2024,16-Mar-24,FY 2024,16-Jul-24,FY 2025,Hexa Climate,Hexa Climate,0,3.67,4.24,Not Applicable,,,200,Unsuccessful,No
725,SECI,Central REIA,1200,RTC/FDRE,Solar + ESS,ISTS,SECI-1200 MW-Solar+600 MW ESS-T-15-Mar 2024,16-Mar-24,FY 2024,16-Jul-24,FY 2025,ReNew,ReNew,0,3.71,3.86,Not Applicable,,,300,Unsuccessful,No
713,MSEDCL,State,2000,Hybrid,Hybrid,STU,MSEDCL/RE/2024/500MW/Wind-Solar Hybrid/T-Phase III [with additonal Greenshoe capacity 500 MW],11-Mar-24,FY 2024,5-Jul-24,FY 2025,JSW,JSW,600,3.6,3.75,PPA signed,600,,600,Full Capacity Won,Yes
714,MSEDCL,State,2000,Hybrid,Hybrid,STU,MSEDCL/RE/2024/500MW/Wind-Solar Hybrid/T-Phase III [with additonal Greenshoe capacity 500 MW],11-Mar-24,FY 2024,5-Jul-24,FY 2025,Juniper,Juniper,75,3.6,3.88,PPA signed,75,,75,Full Capacity Won,Yes
715,MSEDCL,State,2000,Hybrid,Hybrid,STU,MSEDCL/RE/2024/500MW/Wind-Solar Hybrid/T-Phase III [with additonal Greenshoe capacity 500 MW],11-Mar-24,FY 2024,5-Jul-24,FY 2025,Brightnight,Brightnight,76,3.62,3.72,PPA signed,76,,76,Full Capacity Won,Yes
716,MSEDCL,State,2000,Hybrid,Hybrid,STU,MSEDCL/RE/2024/500MW/Wind-Solar Hybrid/T-Phase III [with additonal Greenshoe capacity 500 MW],11-Mar-24,FY 2024,5-Jul-24,FY 2025,Avaada Energy Pvt. Ltd. ,Avaada,850,3.61,3.79,PPA signed,850,,850,Full Capacity Won,Yes
707,SECI,Central REIA,1500,Hybrid,Hybrid,ISTS,SECI 1.2 GW-ISTS-Hybrid-VIII,20-Feb-24,FY 2024,14-Jun-24,FY 2025,Juniper,Juniper,150,3.43,3.43,LoA issued,,,150,Full Capacity Won,Yes
708,SECI,Central REIA,1500,Hybrid,Hybrid,ISTS,SECI 1.2 GW-ISTS-Hybrid-VIII,20-Feb-24,FY 2024,14-Jun-24,FY 2025,Asurari Reneables [UPC],UPC,300,3.45,3.48,LoA issued,,,300,Full Capacity Won,Yes
709,SECI,Central REIA,1500,Hybrid,Hybrid,ISTS,SECI 1.2 GW-ISTS-Hybrid-VIII,20-Feb-24,FY 2024,14-Jun-24,FY 2025,AMPIN Energy,Amp,150,3.45,3.47,LoA issued,,,150,Full Capacity Won,Yes
710,SECI,Central REIA,1500,Hybrid,Hybrid,ISTS,SECI 1.2 GW-ISTS-Hybrid-VIII,20-Feb-24,FY 2024,14-Jun-24,FY 2025,Adyant Enersol [Datta Infra],Datta Power,60,3.45,3.46,LoA issued,,,60,Full Capacity Won,Yes
711,SECI,Central REIA,1500,Hybrid,Hybrid,ISTS,SECI 1.2 GW-ISTS-Hybrid-VIII,20-Feb-24,FY 2024,14-Jun-24,FY 2025,JSW,JSW,300,3.45,3.49,LoA issued,,,300,Full Capacity Won,Yes
712,SECI,Central REIA,1500,Hybrid,Hybrid,ISTS,SECI 1.2 GW-ISTS-Hybrid-VIII,20-Feb-24,FY 2024,14-Jun-24,FY 2025,Avaada Energy Pvt. Ltd.,Avaada,240,3.46,3.46,LoA issued,,,600,Partial Capacity Won,Yes
684,GUVNL,State,250,BESS,BESS,STU,GUVNL 250 MW/500 MWh BESS (Phase-III) Gujarat (NO-VGF),16-Mar-24,FY 2024,11-Jun-24,FY 2025,Gensol Engineering,Gensol,250,3.729,4.999,PPA signed,250,PPA Signed in May-2025,250,Full Capacity Won,Yes
685,GUVNL,State,250,BESS,BESS,STU,GUVNL 250 MW/500 MWh BESS (Phase-III) Gujarat (NO-VGF),16-Mar-24,FY 2024,11-Jun-24,FY 2025,IndiGrid 2 Limited,IndiGrid 2 Limited,0,3.72978,4.869,Not Applicable,,,250,Unsuccessful,No
686,GUVNL,State,250,BESS,BESS,STU,GUVNL 250 MW/500 MWh BESS (Phase-III) Gujarat (NO-VGF),16-Mar-24,FY 2024,11-Jun-24,FY 2025,JSW,JSW,0,3.73979,4.75,Not Applicable,,,250,Unsuccessful,No
687,GUVNL,State,250,BESS,BESS,STU,GUVNL 250 MW/500 MWh BESS (Phase-III) Gujarat (NO-VGF),16-Mar-24,FY 2024,11-Jun-24,FY 2025,Pace Digitek,Pace Digitek,0,3.759,5.49999,Not Applicable,,,100,Unsuccessful,No
688,GUVNL,State,250,BESS,BESS,STU,GUVNL 250 MW/500 MWh BESS (Phase-III) Gujarat (NO-VGF),16-Mar-24,FY 2024,11-Jun-24,FY 2025,Continental Milkose,Continental Milkose,0,3.83,4.71,Not Applicable,,,70,Unsuccessful,No
689,GUVNL,State,250,BESS,BESS,STU,GUVNL 250 MW/500 MWh BESS (Phase-III) Gujarat (NO-VGF),16-Mar-24,FY 2024,11-Jun-24,FY 2025,ACME,ACME,0,3.83983,5,Not Applicable,,,250,Unsuccessful,No
690,GUVNL,State,250,BESS,BESS,STU,GUVNL 250 MW/500 MWh BESS (Phase-III) Gujarat (NO-VGF),16-Mar-24,FY 2024,11-Jun-24,FY 2025,JBM,JBM,0,4.205,5.99,Not Applicable,,,250,Unsuccessful,No
691,GUVNL,State,250,BESS,BESS,STU,GUVNL 250 MW/500 MWh BESS (Phase-III) Gujarat (NO-VGF),16-Mar-24,FY 2024,11-Jun-24,FY 2025,Hinduja,Hinduja,0,4.66,7,Not Applicable,,,130,Unsuccessful,No
692,GUVNL,State,250,BESS,BESS,STU,GUVNL 250 MW/500 MWh BESS (Phase-III) Gujarat (NO-VGF),16-Mar-24,FY 2024,11-Jun-24,FY 2025,Vikram Solar,Vikram Solar,0,5.42,5.42,Not Applicable,,,70,Unsuccessful,No
693,GUVNL,State,250,BESS,BESS,STU,GUVNL 250 MW/500 MWh BESS (Phase-III) Gujarat (NO-VGF),16-Mar-24,FY 2024,11-Jun-24,FY 2025,Apraava Energy,Apraava Energy,0,6,6,Not Applicable,,,70,Unsuccessful,No
694,GUVNL,State,250,BESS,BESS,STU,GUVNL 250 MW/500 MWh BESS (Phase-III) Gujarat (NO-VGF),16-Mar-24,FY 2024,11-Jun-24,FY 2025,NTPC,NTPC,0,6.62,6.62,Not Applicable,,,70,Unsuccessful,No
695,GUVNL,State,250,BESS,BESS,STU,GUVNL 250 MW/500 MWh BESS (Phase-III) Gujarat (NO-VGF),16-Mar-24,FY 2024,11-Jun-24,FY 2025,Bluepine,Bluepine,0,7.66,7.66,Not Applicable,,,70,Unsuccessful,No
696,GUVNL,State,250,BESS,BESS,STU,GUVNL 250 MW/500 MWh BESS (Phase-III) Gujarat (NO-VGF),16-Mar-24,FY 2024,11-Jun-24,FY 2025,SJVN,SJVN,0,7.95,7.95,Not Applicable,,,70,Unsuccessful,No
697,SJVN,State,1500,Hybrid,Hybrid,ISTS,SJVN 1.5GW Hybrid - 2,31-Jan-24,FY 2024,11-Jun-24,FY 2025,AMPIN Energy ,Amp,150,3.41,3.5,LoA issued,,,150,Full Capacity Won,Yes
698,SJVN,State,1500,Hybrid,Hybrid,ISTS,SJVN 1.5GW Hybrid - 2,31-Jan-24,FY 2024,11-Jun-24,FY 2025,Ganeko Solar [Solarpack],Solarpack,300,3.41,3.49,LoA issued,,,300,Full Capacity Won,Yes
699,SJVN,State,1500,Hybrid,Hybrid,ISTS,SJVN 1.5GW Hybrid - 2,31-Jan-24,FY 2024,11-Jun-24,FY 2025,Inayu Renewables [Evergreen],EverGreen Power,60,3.41,3.49,LoA issued,,,60,Full Capacity Won,Yes
700,SJVN,State,1500,Hybrid,Hybrid,ISTS,SJVN 1.5GW Hybrid - 2,31-Jan-24,FY 2024,11-Jun-24,FY 2025,Juniper,Juniper,150,3.41,3.43,LoA issued,,,150,Full Capacity Won,Yes
701,SJVN,State,1500,Hybrid,Hybrid,ISTS,SJVN 1.5GW Hybrid - 2,31-Jan-24,FY 2024,11-Jun-24,FY 2025,Datta Infra,Datta Power,70,3.41,3.5,LoA issued,,,70,Full Capacity Won,Yes
702,SJVN,State,1500,Hybrid,Hybrid,ISTS,SJVN 1.5GW Hybrid - 2,31-Jan-24,FY 2024,11-Jun-24,FY 2025,JSW,JSW,300,3.42,3.44,LoA issued,,,300,Full Capacity Won,Yes
703,SJVN,State,1500,Hybrid,Hybrid,ISTS,SJVN 1.5GW Hybrid - 2,31-Jan-24,FY 2024,11-Jun-24,FY 2025,Avaada Energy Pvt. Ltd. ,Avaada,470,3.42,3.46,LoA issued,,,750,Partial Capacity Won,Yes
704,SJVN,State,1500,Hybrid,Hybrid,ISTS,SJVN 1.5GW Hybrid - 2,31-Jan-24,FY 2024,11-Jun-24,FY 2025,Urdhwaga [UPC],UPC,0,3.43,3.46,Not Applicable,,,300,Unsuccessful,No
705,SJVN,Central REIA,1500,Hybrid,Hybrid,ISTS,SJVN 1.5GW Hybrid - 2,31-Jan-24,FY 2024,11-Jun-24,FY 2025,Serentica,Serentica,0,3.5,3.5,Not Applicable,,,150,Unsuccessful,No
706,SJVN,State,1500,Hybrid,Hybrid,ISTS,SJVN 1.5GW Hybrid - 2,31-Jan-24,FY 2024,11-Jun-24,FY 2025,Layer Hybren [Mahindra Susten],Mahindra,0,3.52,3.52,Not Applicable,,,100,Unsuccessful,No
678,GUVNL,State,500,Solar,Solar,STU,GUVNL 500  MW Solar Ph-24 + 500 MW under Greenshoe,15-Mar-24,FY 2024,10-Jun-24,FY 2025,KP Energy,KP Energy,240,2.67,2.7,PPA signed,240,,240,Full Capacity Won,Yes
679,GUVNL,State,500,Solar,Solar,STU,GUVNL 500  MW Solar Ph-24 + 500 MW under Greenshoe,15-Mar-24,FY 2024,10-Jun-24,FY 2025,Avaada Energy ,Avaada,400,2.675,2.68,PPA signed,400,,400,Full Capacity Won,Yes
680,GUVNL,State,500,Solar,Solar,STU,GUVNL 500  MW Solar Ph-24 + 500 MW under Greenshoe,15-Mar-24,FY 2024,10-Jun-24,FY 2025,Bluepine,Bluepine,80,2.68,2.69,PPA signed,80,,80,Full Capacity Won,Yes
681,GUVNL,State,500,Solar,Solar,STU,GUVNL 500  MW Solar Ph-24 + 500 MW under Greenshoe,15-Mar-24,FY 2024,10-Jun-24,FY 2025,NRC Industries,NRC industries,20,2.695,2.72,PPA signed,20,,20,Full Capacity Won,Yes
682,GUVNL,State,500,Solar,Solar,STU,GUVNL 500  MW Solar Ph-24 + 500 MW under Greenshoe,15-Mar-24,FY 2024,10-Jun-24,FY 2025,Hinduja,Hinduja,260,2.695,2.73,PPA signed,260,,300,Partial Capacity Won,Yes
683,GUVNL,State,500,Solar,Solar,STU,GUVNL 500  MW Solar Ph-24 + 500 MW under Greenshoe,15-Mar-24,FY 2024,10-Jun-24,FY 2025,Sembcorp,Sembcorp,0,2.74,2.74,Not Applicable,,,100,Unsuccessful,No
673,NTPC,Central REIA,1500,Solar,Solar,ISTS,NTPC-1.5 GW-Solar-BOO-16,8-Feb-24,FY 2024,23-May-24,FY 2025,Avaada Energy Private Limited,Avaada,750,2.69,2.7,LoA issued,,,750,Full Capacity Won,Yes
674,NTPC,Central REIA,1500,Solar,Solar,ISTS,NTPC-1.5 GW-Solar-BOO-16,8-Feb-24,FY 2024,23-May-24,FY 2025,Apraava Energy Private Limited,CLP India,50,2.68,2.69,LoA issued,,,50,Full Capacity Won,Yes
675,NTPC,Central REIA,1500,Solar,Solar,ISTS,NTPC-1.5 GW-Solar-BOO-16,8-Feb-24,FY 2024,23-May-24,FY 2025,JSW Neo,JSW,400,2.69,2.75,LoA issued,,,700,Partial Capacity Won,Yes
676,NTPC,Central REIA,1500,Solar,Solar,ISTS,NTPC-1.5 GW-Solar-BOO-16,8-Feb-24,FY 2024,23-May-24,FY 2025,Renew Solar,Renew Power,300,2.69,2.82,LoA issued,,,300,Full Capacity Won,Yes
677,NTPC,Central REIA,1500,Solar,Solar,ISTS,NTPC-1.5 GW-Solar-BOO-16,8-Feb-24,FY 2024,23-May-24,FY 2025,Mahindra Susten,Mahindra,0,2.72,2.72,Not Applicable,,,300,Unsuccessful,No
667,NTPC,Central REIA,1000,Hybrid,Hybrid,ISTS,NTPC-1 GW-Solar-BOO-15,15-Feb-24,FY 2024,17-Apr-24,FY 2025,Ampin Energy,Amp,150,3.42,3.42,LoA issued,,,150,Full Capacity Won,Yes
668,NTPC,Central REIA,1000,Hybrid,Hybrid,ISTS,NTPC-1 GW-Solar-BOO-15,15-Feb-24,FY 2024,17-Apr-24,FY 2025,Avaada Energy,Avaada,250,3.47,3.49,LoA issued,,,500,Partial Capacity Won,Yes
669,NTPC,Central REIA,1000,Hybrid,Hybrid,ISTS,NTPC-1 GW-Solar-BOO-15,15-Feb-24,FY 2024,17-Apr-24,FY 2025,Juniper Green,Juniper,150,3.43,3.43,LoA issued,,,150,Full Capacity Won,Yes
670,NTPC,Central REIA,1000,Hybrid,Hybrid,ISTS,NTPC-1 GW-Solar-BOO-15,15-Feb-24,FY 2024,17-Apr-24,FY 2025,ReNew Solar,Renew Power,300,3.44,3.44,LoA issued,,,300,Full Capacity Won,Yes
671,NTPC,Central REIA,1000,Hybrid,Hybrid,ISTS,NTPC-1 GW-Solar-BOO-15,15-Feb-24,FY 2024,17-Apr-24,FY 2025,Sprng Energy,Sprng,150,3.41,3.41,LoA issued,,,150,Full Capacity Won,Yes
672,NTPC,Central REIA,1000,Hybrid,Hybrid,ISTS,NTPC-1 GW-Solar-BOO-15,15-Feb-24,FY 2024,17-Apr-24,FY 2025,Layer Hybren (Mahindra Susten),Mahindra,0,3.54,3.54,Not Applicable,,,100,Unsuccessful,No
657,NTPC,Central REIA,3000,RTC/FDRE,FDRE,ISTS,NTPC-FDRE-Tranche-III-BOO12,11-Nov-23,FY 2024,22-Mar-24,FY 2024,Acme Cleantech Solutions Private Limited,Acme,54,4.74,4.74,Capacity Surrendered,,,250,Partial Capacity Won,Yes
658,NTPC,Central REIA,3000,RTC/FDRE,FDRE,ISTS,NTPC-FDRE-Tranche-III-BOO12,11-Nov-23,FY 2024,22-Mar-24,FY 2024,BN Dispatchable -1 Private Limited,Brightnight,110,4.72,4.72,LoA Issued,,,110,Full Capacity Won,Yes
659,NTPC,Central REIA,3000,RTC/FDRE,FDRE,ISTS,NTPC-FDRE-Tranche-III-BOO12,11-Nov-23,FY 2024,22-Mar-24,FY 2024,ABC Cleantech Private Limited,Brookfield,300,4.64,4.64,LoA Issued,,,300,Full Capacity Won,Yes
660,NTPC,Central REIA,3000,RTC/FDRE,FDRE,ISTS,NTPC-FDRE-Tranche-III-BOO12,11-Nov-23,FY 2024,22-Mar-24,FY 2024,Hero Solar Energy Private limited,Hero,120,4.69,4.69,LoA Issued,,,120,Full Capacity Won,Yes
661,NTPC,Central REIA,3000,RTC/FDRE,FDRE,ISTS,NTPC-FDRE-Tranche-III-BOO12,11-Nov-23,FY 2024,22-Mar-24,FY 2024,Juniper Green Energy Private Limited,Juniper,200,4.69,4.69,LoA Issued,,,200,Full Capacity Won,Yes
662,NTPC,Central REIA,3000,RTC/FDRE,FDRE,ISTS,NTPC-FDRE-Tranche-III-BOO12,11-Nov-23,FY 2024,22-Mar-24,FY 2024,Renew Solar Power Private Limited,Renew,400,4.72,4.72,LoA Issued,,,400,Full Capacity Won,Yes
663,NTPC,Central REIA,3000,RTC/FDRE,FDRE,ISTS,NTPC-FDRE-Tranche-III-BOO12,11-Nov-23,FY 2024,22-Mar-24,FY 2024,Serentica Renewables India 11 Private Limited,Serentica,200,4.71,4.71,LoA Issued,,,200,Full Capacity Won,Yes
664,NTPC,Central REIA,3000,RTC/FDRE,FDRE,ISTS,NTPC-FDRE-Tranche-III-BOO12,11-Nov-23,FY 2024,22-Mar-24,FY 2024,Tata Power Renewables Energy Limited,Tata,200,4.71,4.71,LoA Issued,,,200,Full Capacity Won,Yes
665,NTPC,Central REIA,3000,RTC/FDRE,FDRE,ISTS,NTPC-FDRE-Tranche-III-BOO12,11-Nov-23,FY 2024,22-Mar-24,FY 2024,TEQ Green,TEQ Green,0,4.82,4.82,Not Applicable,,,150,Unsuccessful,No
666,NTPC,Central REIA,3000,RTC/FDRE,FDRE,ISTS,NTPC-FDRE-Tranche-III-BOO12,11-Nov-23,FY 2024,22-Mar-24,FY 2024,Solarcraft,Solarcraft,0,5.25,5.25,Not Applicable,,,50,Unsuccessful,No
651,NTPC,Central REIA,1500,Solar,Solar,ISTS,NTPC 1.5 GW Solar ISTS [BOO-14],14-Dec-23,FY 2024,18-Mar-24,FY 2024,Avaada Energy Private Limited,Avaada,500,2.6,2.68,LoA Issued,,,750,Partial Capacity Won,Yes
652,NTPC,Central REIA,1500,Solar,Solar,ISTS,NTPC 1.5 GW Solar ISTS [BOO-14],14-Dec-23,FY 2024,18-Mar-24,FY 2024,JSW New Energy Limited,JSW,700,2.6,2.69,PPA Signed,700,,700,Full Capacity Won,Yes
653,NTPC,Central REIA,1500,Solar,Solar,ISTS,NTPC 1.5 GW Solar ISTS [BOO-14],14-Dec-23,FY 2024,18-Mar-24,FY 2024,Furies Solrain Private Limited,Mahindra,300,2.59,2.66,LoA Issued,,,300,Full Capacity Won,Yes
654,NTPC,Central REIA,1500,Solar,Solar,ISTS,NTPC 1.5 GW Solar ISTS [BOO-14],14-Dec-23,FY 2024,18-Mar-24,FY 2024,ReNew Solar,ReNew,0,2.61,2.68,Not Applicable,,,600,Unsuccessful,No
655,NTPC,Central REIA,1500,Solar,Solar,ISTS,NTPC 1.5 GW Solar ISTS [BOO-14],14-Dec-23,FY 2024,18-Mar-24,FY 2024,Solarcraft,Solarcraft,0,2.68,2.68,Not Applicable,,,300,Unsuccessful,No
656,NTPC,Central REIA,1500,Solar,Solar,ISTS,NTPC 1.5 GW Solar ISTS [BOO-14],14-Dec-23,FY 2024,18-Mar-24,FY 2024,TEQ Green,TEQ Green,0,2.69,2.69,Not Applicable,,,300,Unsuccessful,No
644,SECI,Central REIA,1500,Solar,Solar,ISTS,SECI-ISTS-XIV,18-Jan-24,FY 2024,15-Mar-24,FY 2024,Avaada Energy Private Limited,Avaada,300,2.57,2.63,LoA Issued,,,300,Full Capacity Won,Yes
645,SECI,Central REIA,1500,Solar,Solar,ISTS,SECI-ISTS-XIV,18-Jan-24,FY 2024,15-Mar-24,FY 2024,Solairdirect Energy Private Limited ,Engie,100,2.57,2.6,PPA Signed,100,,100,Full Capacity Won,Yes
646,SECI,Central REIA,1500,Solar,Solar,ISTS,SECI-ISTS-XIV,18-Jan-24,FY 2024,15-Mar-24,FY 2024,NTPC Renewables Private limited,NTPC,200,2.58,2.64,PPA Signed,200,,300,Partial Capacity Won,Yes
647,SECI,Central REIA,1500,Solar,Solar,ISTS,SECI-ISTS-XIV,18-Jan-24,FY 2024,15-Mar-24,FY 2024,Renew Solar Power Private Limited,Renew,300,2.57,,LoA Issued,,,300,Full Capacity Won,Yes
648,SECI,Central REIA,1500,Solar,Solar,ISTS,SECI-ISTS-XIV,18-Jan-24,FY 2024,15-Mar-24,FY 2024,SAEL Industries Limited,SAEL,600,2.57,2.62,PPA Signed,600,,600,Full Capacity Won,Yes
649,SECI,Central REIA,1500,Solar,Solar,ISTS,SECI-ISTS-XIV,18-Jan-24,FY 2024,15-Mar-24,FY 2024,Illuminate Hybren Private Limited,Mahindra,0,3.33,3.53,Not Applicable,,,500,Unsuccessful,No
650,SECI,Central REIA,1500,Solar,Solar,ISTS,SECI-ISTS-XIV,18-Jan-24,FY 2024,15-Mar-24,FY 2024,Sunsure,Sunsure,0,3.47,3.47,Not Applicable,,,600,Unsuccessful,No
638,NTPC,Central REIA,1500,Hybrid,Hybrid,ISTS,NTPC Tranch-XIII,6-Dec-23,FY 2024,13-Mar-24,FY 2024,ACME Cleantech Solutions Private Limited,ACME,150,3.32,3.39,LoA Issued,,,150,Full Capacity Won,Yes
639,NTPC,Central REIA,1500,Hybrid,Hybrid,ISTS,NTPC Tranch-XIII,6-Dec-23,FY 2024,13-Mar-24,FY 2024,ABC Cleantech Private Limited,Brookfield,750,3.27,3.27,LoA Issued,,,750,Full Capacity Won,Yes
640,NTPC,Central REIA,1500,Hybrid,Hybrid,ISTS,NTPC Tranch-XIII,6-Dec-23,FY 2024,13-Mar-24,FY 2024,Juniper Green Energy Private Limited,Juniper,300,3.29,3.29,LoA Issued,,,300,Full Capacity Won,Yes
641,NTPC,Central REIA,1500,Hybrid,Hybrid,ISTS,NTPC Tranch-XIII,6-Dec-23,FY 2024,13-Mar-24,FY 2024,Renew Solar Power Private Limited,Renew,300,3.32,3.49,LoA Issued,,,600,Partial Capacity Won,Yes
642,NTPC,Central REIA,1500,Hybrid,Hybrid,ISTS,NTPC Tranch-XIII,6-Dec-23,FY 2024,13-Mar-24,FY 2024,Avaada Energy,AVAADA,0,3.33,3.53,Not Applicable,,,750,Unsuccessful,No
643,NTPC,Central REIA,1500,Hybrid,Hybrid,ISTS,NTPC Tranch-XIII,6-Dec-23,FY 2024,13-Mar-24,FY 2024,O2,O2 Power,0,3.47,3.47,Not Applicable,,,300,Unsuccessful,No
634,SECI,Central REIA,1500,RTC/FDRE,FDRE,ISTS,SECI-FDRE-II,31-Jul-23,FY 2024,12-Mar-24,FY 2024,Hero Solar Energy,Hero,120,5.59,,PPA Signed,120,,120,Full Capacity Won,Yes
635,SECI,Central REIA,1500,RTC/FDRE,FDRE,ISTS,SECI-FDRE-II,31-Jul-23,FY 2024,12-Mar-24,FY 2024,JSW Neo Energy ,JSW,180,5.6,,PPA Signed,180,,180,Full Capacity Won,Yes
636,SECI,Central REIA,1500,RTC/FDRE,FDRE,ISTS,SECI-FDRE-II,31-Jul-23,FY 2024,12-Mar-24,FY 2024,Renew Solar Power Private Limited,Renew,80,5.6,,PPA Signed,80,,200,Partial Capacity Won,Yes
637,SECI,Central REIA,1500,RTC/FDRE,FDRE,ISTS,SECI-FDRE-II,31-Jul-23,FY 2024,12-Mar-24,FY 2024,Serentica Renewable India,Serentica,100,5.6,,PPA Signed,100,,100,Full Capacity Won,Yes
609,MSAPL,State,225,Solar,Solar,STU,MSKVY - Yavatmal,21-Feb-24,FY 2024,7-Mar-24,FY 2024,Avaada Energy Private Limited,Avaada,225,3.1,,PPA signed,,,225,Full Capacity Won,Yes
610,MSAPL,State,207,Solar,Solar,STU,MSKVY - Sangli,21-Feb-24,FY 2024,7-Mar-24,FY 2024,Avaada Energy Private Limited,Avaada,207,3.1,,PPA signed,,,207,Full Capacity Won,Yes
611,MSAPL,State,196,Solar,Solar,STU,MSKVY - Ahmednagar,21-Feb-24,FY 2024,7-Mar-24,FY 2024,Avaada Energy Private Limited,Avaada,196,3.1,,PPA signed,,,196,Full Capacity Won,Yes
612,MSAPL,State,234,Solar,Solar,STU,MSKVY - Pune,21-Feb-24,FY 2024,7-Mar-24,FY 2024,Avaada Energy Private Limited,Avaada,234,3.1,,PPA signed,,,234,Full Capacity Won,Yes
613,MSAPL,State,172,Solar,Solar,STU,MSKVY - Nashik,21-Feb-24,FY 2024,7-Mar-24,FY 2024,Avaada Energy Private Limited,Avaada,172,3.1,,PPA signed,,,172,Full Capacity Won,Yes
614,MSAPL,State,208,Solar,Solar,STU,MSKVY - Ch. Sambhajinagar,21-Feb-24,FY 2024,7-Mar-24,FY 2024,Megha Engg,Megha,208,3.09,,PPA signed,250,,208,Full Capacity Won,Yes
615,MSAPL,State,170,Solar,Solar,STU,MSKVY - Kolhapur,21-Feb-24,FY 2024,7-Mar-24,FY 2024,Megha Engg,Megha,170,3.1,,PPA signed,300,,170,Full Capacity Won,Yes
616,MSAPL,State,208,Solar,Solar,STU,MSKVY - Satara,21-Feb-24,FY 2024,7-Mar-24,FY 2024,Megha Engg,Megha,208,3.09,,PPA signed,250,,208,Full Capacity Won,Yes
617,MSAPL,State,204,Solar,Solar,STU,MSKVY - Akola,21-Feb-24,FY 2024,7-Mar-24,FY 2024,Megha Engg,Megha,204,3.09,,PPA signed,,,204,Full Capacity Won,Yes
618,MSAPL,State,196,Solar,Solar,STU,MSKVY - Buldhana,21-Feb-24,FY 2024,7-Mar-24,FY 2024,Megha Engg,Megha,196,3.08,,PPA signed,,,196,Full Capacity Won,Yes
619,MSAPL,State,155,Solar,Solar,STU,MSKVY - Washim,21-Feb-24,FY 2024,7-Mar-24,FY 2024,Megha Engg,Megha,155,3.09,,PPA signed,,,155,Full Capacity Won,Yes
620,MSAPL,State,126,Solar,Solar,STU,MSKVY - Jalna,21-Feb-24,FY 2024,7-Mar-24,FY 2024,Megha Engg,Megha,126,3.08,,PPA signed,,,126,Full Capacity Won,Yes
621,MSAPL,State,328,Solar,Solar,STU,MSKVY - Jalgaon,21-Feb-24,FY 2024,7-Mar-24,FY 2024,Megha Engg,Megha,328,3.09,,PPA signed,,,328,Full Capacity Won,Yes
622,MSAPL,State,285,Solar,Solar,STU,MSKVY - Nanded,21-Feb-24,FY 2024,7-Mar-24,FY 2024,Megha Engg,Megha,285,3.09,,PPA signed,,,285,Full Capacity Won,Yes
623,MSAPL,State,79,Solar,Solar,STU,MSKVY - Beed,4-Jan-24,FY 2024,7-Mar-24,FY 2024,Reliance Industries Limited,Reliance(Mukesh),79,3.03,,PPA Signed,,,79,Full Capacity Won,Yes
624,SECI,Central REIA,1500,Solar,Solar,ISTS,SECI-ISTS-XIII,29-Dec-23,FY 2024,7-Mar-24,FY 2024,JSW Neo Energy ,JSW,700,2.56,2.56,PPA Signed,700,,700,Full Capacity Won,Yes
625,SECI,Central REIA,1500,Solar,Solar,ISTS,SECI-ISTS-XIII,29-Dec-23,FY 2024,7-Mar-24,FY 2024,NTPC Renewables Private limited,NTPC,250,2.57,2.57,PPA Signed,250,,600,Partial Capacity Won,Yes
626,SECI,Central REIA,1500,Solar,Solar,ISTS,SECI-ISTS-XIII,29-Dec-23,FY 2024,7-Mar-24,FY 2024,Sunsure Solarpark fourteen Private Limited,Sunsure,300,2.56,2.56,PPA Signed,300,,300,Full Capacity Won,Yes
627,SECI,Central REIA,1500,Solar,Solar,ISTS,SECI-ISTS-XIII,29-Dec-23,FY 2024,7-Mar-24,FY 2024,Tejorupa Renewables India Project Private Limited,UPC,250,2.56,2.56,PPA Signed,250,,250,Full Capacity Won,Yes
628,SECI,Central REIA,1500,Solar,Solar,ISTS,SECI-ISTS-XIII,29-Dec-23,FY 2024,7-Mar-24,FY 2024,Jade Hybren,Jade Hybren,0,2.58,2.58,Not Applicable,,,300,Unsuccessful,No
629,SECI,Central REIA,1500,Solar,Solar,ISTS,SECI-ISTS-XIII,29-Dec-23,FY 2024,7-Mar-24,FY 2024,Datta Power,Datta Power,0,2.61,2.61,Not Applicable,,,80,Unsuccessful,No
630,SECI,Central REIA,1500,Solar,Solar,ISTS,SECI-ISTS-XIII,29-Dec-23,FY 2024,7-Mar-24,FY 2024,ReNew,ReNew,0,2.61,2.61,Not Applicable,,,600,Unsuccessful,No
631,SECI,Central REIA,1500,Solar,Solar,ISTS,SECI-ISTS-XIII,29-Dec-23,FY 2024,7-Mar-24,FY 2024,Solarcraft,Solarcraft,0,2.68,2.68,Not Applicable,,,300,Unsuccessful,No
632,SECI,Central REIA,1500,Solar,Solar,ISTS,SECI-ISTS-XIII,29-Dec-23,FY 2024,7-Mar-24,FY 2024,TEQ Green,TEQ Green,0,2.68,2.68,Not Applicable,,,300,Unsuccessful,No
633,SECI,Central REIA,1500,Solar,Solar,ISTS,SECI-ISTS-XIII,29-Dec-23,FY 2024,7-Mar-24,FY 2024,Apraava Energy,Apraava,0,2.7,2.7,Not Applicable,,,300,Unsuccessful,No
601,GUVNL,State,500,ESS/BESS,BESS,STU,GUVNL BESS Phase-II,1-Oct-23,FY 2024,6-Mar-24,FY 2024,Gensol Engineering Limited,Gensol,70,4.48,9.25,PPA signed,,,70,Full Capacity Won,Yes
602,GUVNL,State,500,ESS/BESS,BESS,STU,GUVNL BESS Phase-II,1-Oct-23,FY 2024,6-Mar-24,FY 2024,IndiGrid 2 Limited,Indigrid,180,4.49,6.55,PPA signed,,,180,Full Capacity Won,Yes
603,GUVNL,State,500,ESS/BESS,BESS,STU,GUVNL BESS Phase-II,1-Oct-23,FY 2024,6-Mar-24,FY 2024,JSW,JSW,0,4.49997,5.98,Not Applicable,,,250,Unsuccessful,No
604,GUVNL,State,500,ESS/BESS,BESS,STU,GUVNL BESS Phase-II,1-Oct-23,FY 2024,6-Mar-24,FY 2024,Hero Solar Energy,Hero,0,5.38,8.44,Not Applicable,,,70,Unsuccessful,No
605,GUVNL,State,500,ESS/BESS,BESS,STU,GUVNL BESS Phase-II,1-Oct-23,FY 2024,6-Mar-24,FY 2024,ACME,ACME,0,9.9,9.9,Not Applicable,,,70,Unsuccessful,No
606,GUVNL,State,500,ESS/BESS,BESS,STU,GUVNL BESS Phase-II,1-Oct-23,FY 2024,6-Mar-24,FY 2024,SJVN,SJVN,0,9.91,9.91,Not Applicable,,,70,Unsuccessful,No
607,GUVNL,State,500,ESS/BESS,BESS,STU,GUVNL BESS Phase-II,1-Oct-23,FY 2024,6-Mar-24,FY 2024,NTPC,NTPC,0,9.49999,9.49999,Not Applicable,,,100,Unsuccessful,No
608,GUVNL,State,500,ESS/BESS,BESS,STU,GUVNL BESS Phase-II,1-Oct-23,FY 2024,6-Mar-24,FY 2024,Vent Renewables,Vent Renewables,0,9.95,9.95,Not Applicable,,,70,Unsuccessful,No
596,GUVNL,State,1125,Solar,Solar,CTU,GSECL - Khawda,1-Dec-23,FY 2024,2-Mar-24,FY 2024,Solairedirect,Engie,200,2.62,,PPA signed,,,200,Full Capacity Won,Yes
597,GUVNL,State,1125,Solar,Solar,CTU,GSECL - Khawda,1-Dec-23,FY 2024,2-Mar-24,FY 2024,JSW Neo,JSW,300,2.66,,PPA signed,,,300,Full Capacity Won,Yes
598,GUVNL,State,1125,Solar,Solar,CTU,GSECL - Khawda,1-Dec-23,FY 2024,2-Mar-24,FY 2024,NHPC Limited,NHPC,200,2.66,,PPA signed,,,200,Full Capacity Won,Yes
599,GUVNL,State,1125,Solar,Solar,CTU,GSECL - Khawda,1-Dec-23,FY 2024,2-Mar-24,FY 2024,NTPC,NTPC,225,2.66,,PPA signed,,,225,Full Capacity Won,Yes
600,GUVNL,State,1125,Solar,Solar,CTU,GSECL - Khawda,1-Dec-23,FY 2024,2-Mar-24,FY 2024,SJVN Energy,SJVN,200,2.66,,PPA signed,,,200,Full Capacity Won,Yes
582,MSAPL,State,12000,Solar,Solar,STU,MSKVY-MSE-01,25-Jan-24,FY 2024,25-Feb-24,FY 2024,Avaada Energy Private Limited,Avaada,98,3.1,,PPA Signed,,,98,Full Capacity Won,Yes
583,MSAPL,State,12000,Solar,Solar,STU,MSKVY-MSE-01,25-Jan-24,FY 2024,25-Feb-24,FY 2024,Integrated Induction Power Ltd.,IIPL,302,3.0872,,PPA Signed,,,302,Full Capacity Won,Yes
584,MSAPL,State,12000,Solar,Solar,STU,MSKVY-MSE-01,25-Jan-24,FY 2024,25-Feb-24,FY 2024,MSPGCL,MahaGenco,676,3.089444444,,PPA Signed,,,676,Full Capacity Won,Yes
585,MSAPL,State,12000,Solar,Solar,STU,MSKVY-MSE-01,25-Jan-24,FY 2024,25-Feb-24,FY 2024,Mahagenco,MahaGenco,395,3.1,,PPA Signed,,,395,Full Capacity Won,Yes
586,MSAPL,State,12000,Solar,Solar,STU,MSKVY-MSE-01,25-Jan-24,FY 2024,25-Feb-24,FY 2024,NACOF Oorja,NACOF,990,3.0871,,PPA Signed,,,990,Full Capacity Won,Yes
587,MSAPL,State,12000,Solar,Solar,STU,MSKVY-MSE-01,25-Jan-24,FY 2024,25-Feb-24,FY 2024,Purshotam Profile,Purshotam,40,3.07,,PPA Signed,,,40,Full Capacity Won,Yes
588,MSAPL,State,12000,Solar,Solar,STU,MSKVY-MSE-01,25-Jan-24,FY 2024,25-Feb-24,FY 2024,Purshotam Industries,Purshotam,5,3.07,,PPA Signed,,,5,Full Capacity Won,Yes
589,MSAPL,State,12000,Solar,Solar,STU,MSKVY-MSE-01,25-Jan-24,FY 2024,25-Feb-24,FY 2024,Purshotam Sunrise,Purshotam,12,3.07,,PPA Signed,,,12,Full Capacity Won,Yes
590,MSAPL,State,12000,Solar,Solar,STU,MSKVY-MSE-01,25-Jan-24,FY 2024,25-Feb-24,FY 2024,PPPL,Purshotam,99,2.99,,PPA Signed,,,99,Full Capacity Won,Yes
591,MSAPL,State,12000,Solar,Solar,STU,MSKVY-MSE-01,25-Jan-24,FY 2024,25-Feb-24,FY 2024,Reliance Energy Limited,Reliance(Anil),100,3.076315789,,PPA Signed,,,100,Full Capacity Won,Yes
592,MSAPL,State,12000,Solar,Solar,STU,MSKVY-MSE-01,25-Jan-24,FY 2024,25-Feb-24,FY 2024,Shri Satya Sai,Satya Sai,37,3.098333333,,PPA Signed,,,37,Full Capacity Won,Yes
593,MSAPL,State,12000,Solar,Solar,STU,MSKVY-MSE-01,25-Jan-24,FY 2024,25-Feb-24,FY 2024,Sharda Construction,Sharda Construction,49,3.1,,PPA Signed,,,49,Full Capacity Won,Yes
594,MSAPL,State,12000,Solar,Solar,STU,MSKVY-MSE-01,25-Jan-24,FY 2024,25-Feb-24,FY 2024,SJVN,SJVN,1352,3.095784314,,PPA Signed,,,1352,Full Capacity Won,Yes
595,MSAPL,State,12000,Solar,Solar,STU,MSKVY-MSE-01,25-Jan-24,FY 2024,25-Feb-24,FY 2024,Sunstream Green Energy Pvt. Ltd.,Sunstream,100,3.09,,PPA Signed,,,100,Full Capacity Won,Yes
574,NHPC,Central REIA,1500,RTC/FDRE,FDRE,ISTS,NHPC-FDRE_I,1-Oct-23,FY 2024,22-Feb-24,FY 2024,ACME Cleantech Solutions Private Limited,ACME,680,4.64,4.84,PPA signed,680,,750,Partial Capacity Won,Yes
575,NHPC,Central REIA,1500,RTC/FDRE,FDRE,ISTS,NHPC-FDRE_I,1-Oct-23,FY 2024,22-Feb-24,FY 2024,Solarcraft power India 20 Private Limited,Bluepine,50,4.63,4.79,PPA signed,50,,50,Full Capacity Won,Yes
576,NHPC,Central REIA,1500,RTC/FDRE,FDRE,ISTS,NHPC-FDRE_I,1-Oct-23,FY 2024,22-Feb-24,FY 2024,BN Hybrid Power,Brightnight,120,4.55,4.55,PPA signed,120,,120,Full Capacity Won,Yes
577,NHPC,Central REIA,1500,RTC/FDRE,FDRE,ISTS,NHPC-FDRE_I,1-Oct-23,FY 2024,22-Feb-24,FY 2024,Hero Solar Energy,Hero,100,4.63,4.65,PPA signed,100,,100,Full Capacity Won,Yes
578,NHPC,Central REIA,1500,RTC/FDRE,FDRE,ISTS,NHPC-FDRE_I,1-Oct-23,FY 2024,22-Feb-24,FY 2024,Juniper Green Energy Private Limited,Juniper,200,4.64,4.69,PPA signed,200,,200,Full Capacity Won,Yes
579,NHPC,Central REIA,1500,RTC/FDRE,FDRE,ISTS,NHPC-FDRE_I,1-Oct-23,FY 2024,22-Feb-24,FY 2024,Renew Solar Power Private Limited,Renew,250,4.64,4.7,PPA signed,250,,250,Full Capacity Won,Yes
580,NHPC,Central REIA,1500,RTC/FDRE,FDRE,ISTS,NHPC-FDRE_I,1-Oct-23,FY 2024,22-Feb-24,FY 2024,TEQ Green,TEQ Green,0,4.74,7.74,Not Applicable,,,150,Unsuccessful,No
581,NHPC,Central REIA,1500,RTC/FDRE,FDRE,ISTS,NHPC-FDRE_I,1-Oct-23,FY 2024,22-Feb-24,FY 2024,Tata Power,Tata,0,4.95,5.01,Not Applicable,,,100,Unsuccessful,No
568,SJVN,Central REIA,1500,Hybrid,Hybrid,ISTS,SJVN/CC- Delhi/REIA/2023/Hybrid-1,1-Sep-23,FY 2024,20-Feb-24,FY 2024,Avaada Energy,AVAADA,530,3.49,3.49,LoA Issued,,,530,Full Capacity Won,Yes
569,SJVN,Central REIA,1500,Hybrid,Hybrid,ISTS,SJVN/CC- Delhi/REIA/2023/Hybrid-1,1-Sep-23,FY 2024,20-Feb-24,FY 2024,Datta power Infra Private Limited,Datta Power,50,3.47,3.47,LoA Issued,,,50,Full Capacity Won,Yes
570,SJVN,Central REIA,1500,Hybrid,Hybrid,ISTS,SJVN/CC- Delhi/REIA/2023/Hybrid-1,1-Sep-23,FY 2024,20-Feb-24,FY 2024,Green Prairie Energy Pvt. Ltd. (Evergreen Renewables),Ever Renew,60,3.48,3.48,LoA Issued,,,60,Full Capacity Won,Yes
571,SJVN,Central REIA,1500,Hybrid,Hybrid,ISTS,SJVN/CC- Delhi/REIA/2023/Hybrid-1,1-Sep-23,FY 2024,20-Feb-24,FY 2024,Juniper,Juniper,150,3.43,3.43,LoA Issued,,,150,Full Capacity Won,Yes
572,SJVN,Central REIA,1500,Hybrid,Hybrid,ISTS,SJVN/CC- Delhi/REIA/2023/Hybrid-1,1-Sep-23,FY 2024,20-Feb-24,FY 2024,Energizent Power Private lImited,O2 Power,270,3.48,3.48,LoA Issued,,,270,Full Capacity Won,Yes
573,SJVN,Central REIA,1500,Hybrid,Hybrid,ISTS,SJVN/CC- Delhi/REIA/2023/Hybrid-1,1-Sep-23,FY 2024,20-Feb-24,FY 2024,Green Infra Winf Energy Limited,Sembcorp,440,3.48,3.48,LoA Issued,,,440,Full Capacity Won,Yes
565,NHPC,Central REIA,1500,Hybrid,Hybrid,ISTS,Tender ID: 2023_N HPC_778283_1,23-Oct-23,FY 2024,13-Feb-24,FY 2024,Avaada energy private limited,AVAADA,510,3.49,3.63,LoA Issued,,,750,Partial Capacity Won,Yes
566,NHPC,Central REIA,1500,Hybrid,Hybrid,ISTS,Tender ID: 2023_N HPC_778283_1,23-Oct-23,FY 2024,13-Feb-24,FY 2024,Juniper,Juniper,150,3.48,3.49,LoA Issued,,,150,Full Capacity Won,Yes
567,NHPC,Central REIA,1500,Hybrid,Hybrid,ISTS,Tender ID: 2023_N HPC_778283_1,23-Oct-23,FY 2024,13-Feb-24,FY 2024,Enerzentia - O2,O2 Power,300,3.49,3.52,PPA Signed,300,PPA Signed on 23-June-2025,300,Full Capacity Won,Yes
560,SJVN,Central REIA,1500,Solar,Solar,ISTS,SJVN/CC-Delhi/REIA/2023/Solar-1,31-Oct-23,FY 2024,9-Feb-24,FY 2024,Solarcraft,Bluepine,300,2.52,,PPA signed,300,,300,Full Capacity Won,Yes
561,SJVN,Central REIA,1500,Solar,Solar,ISTS,SJVN/CC-Delhi/REIA/2023/Solar-1,31-Oct-23,FY 2024,9-Feb-24,FY 2024,GRT Jwellers,GRT Jwellers,150,2.52,,PPA signed,150,,150,Full Capacity Won,Yes
562,SJVN,Central REIA,1500,Solar,Solar,ISTS,SJVN/CC-Delhi/REIA/2023/Solar-1,31-Oct-23,FY 2024,9-Feb-24,FY 2024,JSW Neo Energy,JSW,700,2.53,,PPA signed,700,,700,Full Capacity Won,Yes
563,SJVN,Central REIA,1500,Solar,Solar,ISTS,SJVN/CC-Delhi/REIA/2023/Solar-1,31-Oct-23,FY 2024,9-Feb-24,FY 2024,Furies Solren,Mahindra,300,2.53,,PPA signed,300,,300,Full Capacity Won,Yes
564,SJVN,Central REIA,1500,Solar,Solar,ISTS,SJVN/CC-Delhi/REIA/2023/Solar-1,31-Oct-23,FY 2024,9-Feb-24,FY 2024,NTPC REL,NTPC,700,2.54,,Capacity Surrendered,700,,700,Full Capacity Won,Yes
553,SECI,Central REIA,1350,Wind,Wind,ISTS,SECI-Wind-1350 MW-T-16,30-Nov-23,FY 2024,1-Feb-24,FY 2024,Datta power Infra Private Limited,Datta Power,60,3.98,3.98,PPA signed,60,,60,Full Capacity Won,Yes
554,SECI,Central REIA,1350,Wind,Wind,ISTS,SECI-Wind-1350 MW-T-16,30-Nov-23,FY 2024,1-Feb-24,FY 2024,JSW Neo Energy,JSW,350,3.61,3.61,PPA signed,350,,350,Full Capacity Won,Yes
555,SECI,Central REIA,1350,Wind,Wind,ISTS,SECI-Wind-1350 MW-T-16,30-Nov-23,FY 2024,1-Feb-24,FY 2024,JSW Neo Energy,JSW,250,3.68,3.68,PPA signed,250,,250,Full Capacity Won,Yes
556,SECI,Central REIA,1350,Wind,Wind,ISTS,SECI-Wind-1350 MW-T-16,30-Nov-23,FY 2024,1-Feb-24,FY 2024,Powerica Limited,Powerica,50,3.7,3.7,PPA signed,50,,50,Full Capacity Won,Yes
557,SECI,Central REIA,1350,Wind,Wind,ISTS,SECI-Wind-1350 MW-T-16,30-Nov-23,FY 2024,1-Feb-24,FY 2024,Torrent,Torrent,100,3.6,3.6,PPA signed,100,,100,Full Capacity Won,Yes
558,SECI,Central REIA,1350,Wind,Wind,ISTS,SECI-Wind-1350 MW-T-16,30-Nov-23,FY 2024,1-Feb-24,FY 2024,Wyndham Renewables Private Limited,Wyndham,100,3.88,3.88,PPA signed,100,,100,Full Capacity Won,Yes
559,SECI,Central REIA,1350,Wind,Wind,ISTS,SECI-Wind-1350 MW-T-16,30-Nov-23,FY 2024,1-Feb-24,FY 2024,Wyndham Renewables Private Limited,Wyndham,100,4.24,4.24,PPA signed,100,,100,Full Capacity Won,Yes
546,REMCL,State,750,RTC/FDRE,RTC,ISTS,REMCL 750 MW RTC with or without storage,29-Sep-23,FY 2024,30-Jan-24,FY 2024,Acme Cleantech solution private limited,Acme,100,4.37,4.37,PPA Signed,,,100,Full Capacity Won,Yes
547,REMCL,State,750,RTC/FDRE,RTC,ISTS,REMCL 750 MW RTC with or without storage,29-Sep-23,FY 2024,30-Jan-24,FY 2024,NTPC Renewable Energy,NTPC,200,4.37,4.37,PPA Signed,,,200,Full Capacity Won,Yes
548,REMCL,State,750,RTC/FDRE,RTC,ISTS,REMCL 750 MW RTC with or without storage,29-Sep-23,FY 2024,30-Jan-24,FY 2024,TEQ (O2 Power),O2 Power,100,4.37,4.37,PPA Signed,,,100,Full Capacity Won,Yes
549,REMCL,State,750,RTC/FDRE,RTC,ISTS,REMCL 750 MW RTC with or without storage,29-Sep-23,FY 2024,30-Jan-24,FY 2024,Renew Solar Power Private Limited,Renew,200,4.37,4.37,PPA Signed,,,200,Full Capacity Won,Yes
550,REMCL,State,750,RTC/FDRE,RTC,ISTS,REMCL 750 MW RTC with or without storage,29-Sep-23,FY 2024,30-Jan-24,FY 2024,Tata power renewable energy limited,Tata,50,4.43,4.43,Capacity Surrendered,,,100,Partial Capacity Won,Yes
551,REMCL,State,750,RTC/FDRE,RTC,ISTS,REMCL 750 MW RTC with or without storage,29-Sep-23,FY 2024,30-Jan-24,FY 2024,Torrent Power Limited,Torrent,100,4.25,4.25,PPA Signed,,,100,Full Capacity Won,Yes
552,REMCL,State,750,RTC/FDRE,RTC,ISTS,REMCL 750 MW RTC with or without storage,29-Sep-23,FY 2024,30-Jan-24,FY 2024,Hero,Hero,0,4.49,4.49,Not Applicable,,,100,Unsuccessful,No
543,GUVNL,State,500,Hybrid,Hybrid,GETCO Periphery,GUVNL-Hybrid-I,1-Nov-23,FY 2024,22-Jan-24,FY 2024,Juniper,Juniper,300,2.99,2.99,PPA Signed,,,300,Full Capacity Won,Yes
544,GUVNL,State,500,Hybrid,Hybrid,GETCO Periphery,GUVNL-Hybrid-I,1-Nov-23,FY 2024,22-Jan-24,FY 2024,KPI Green Energy,KP Energy,100,3.04,3.27,PPA Signed,,,100,Full Capacity Won,Yes
545,GUVNL,State,500,Hybrid,Hybrid,GETCO Periphery,GUVNL-Hybrid-I,1-Nov-23,FY 2024,22-Jan-24,FY 2024,Avaada,Avaada,0,3.59,3.59,Not Applicable,,,150,Unsuccessful,No
538,SECI,Central REIA,2000,Hybrid,Hybrid,ISTS,SECI-ISTS Hybrid Tranche-VII,23-Oct-23,FY 2024,9-Jan-24,FY 2024,Juniper,Juniper,150,3.21,3.52,PPA Signed,150,,150,Full Capacity Won,Yes
539,SECI,Central REIA,2000,Hybrid,Hybrid,ISTS,SECI-ISTS Hybrid Tranche-VII,23-Oct-23,FY 2024,9-Jan-24,FY 2024,NTPC,NTPC,300,3.15,3.15,PPA Signed,300,,300,Full Capacity Won,Yes
540,SECI,Central REIA,2000,Hybrid,Hybrid,ISTS,SECI-ISTS Hybrid Tranche-VII,23-Oct-23,FY 2024,9-Jan-24,FY 2024,Sembcorp,Sembcorp,450,3.21,3.55,PPA Signed,450,,450,Full Capacity Won,Yes
541,SECI,Central REIA,2000,Hybrid,Hybrid,ISTS,SECI-ISTS Hybrid Tranche-VII,23-Oct-23,FY 2024,9-Jan-24,FY 2024,Avaada Energy Pvt. Ltd.,AVAADA,0,3.37,3.37,Not Applicable,,,115,Unsuccessful,No
542,SECI,Central REIA,2000,Hybrid,Hybrid,ISTS,SECI-ISTS Hybrid Tranche-VII,23-Oct-23,FY 2024,9-Jan-24,FY 2024,Sprng Energy,Sprng,0,3.55,3.55,Not Applicable,,,250,Unsuccessful,No
533,NTPC,Central REIA,1500,Solar,Solar,ISTS,NTPC/RE-CS/2023-24/Solar/BOO-9,6-Oct-23,FY 2024,4-Jan-24,FY 2024,Avaada Energy Pvt. Ltd.,AVAADA,500,2.65,2.71,PPA Signed,300,,500,Full Capacity Won,Yes
534,NTPC,Central REIA,1500,Solar,Solar,ISTS,NTPC/RE-CS/2023-24/Solar/BOO-9,6-Oct-23,FY 2024,4-Jan-24,FY 2024,Apraava Energy [CLP],Apraava,300,2.65,2.7,PPA Signed,200,,300,Full Capacity Won,Yes
535,NTPC,Central REIA,1500,Solar,Solar,ISTS,NTPC/RE-CS/2023-24/Solar/BOO-9,6-Oct-23,FY 2024,4-Jan-24,FY 2024,Renew,Renew,400,2.65,2.69,PPA Signed,200,,600,Partial Capacity Won,Yes
536,NTPC,Central REIA,1500,Solar,Solar,ISTS,NTPC/RE-CS/2023-24/Solar/BOO-9,6-Oct-23,FY 2024,4-Jan-24,FY 2024,Anboto Solar [Solarpack],Solarpack,300,2.6,2.6,PPA Signed,200,,300,Full Capacity Won,Yes
537,NTPC,Central REIA,1500,Solar,Solar,ISTS,NTPC/RE-CS/2023-24/Solar/BOO-9,6-Oct-23,FY 2024,4-Jan-24,FY 2024,Sprng,Sprng,0,2.74,2.74,Not Applicable,,,250,Unsuccessful,No
528,NTPC,Central REIA,1500,Hybrid,Hybrid,ISTS,NTPC/RE-CS/2023-24/HYBRID/BOO-8,26-Sep-23,FY 2024,27-Dec-23,FY 2024,ACME,Acme,300,3.36,3.69,PPA Signed,300,,300,Full Capacity Won,Yes
529,NTPC,Central REIA,1500,Hybrid,Hybrid,ISTS,NTPC/RE-CS/2023-24/HYBRID/BOO-8,26-Sep-23,FY 2024,27-Dec-23,FY 2024,Juniper,Juniper,230,3.36,3.52,PPA Signed,230,,230,Full Capacity Won,Yes
530,NTPC,Central REIA,1500,Hybrid,Hybrid,ISTS,NTPC/RE-CS/2023-24/HYBRID/BOO-8,26-Sep-23,FY 2024,27-Dec-23,FY 2024,Solalite Power [O2],O2 Power,300,3.35,3.56,PPA Signed,300,,300,Full Capacity Won,Yes
531,NTPC,Central REIA,1500,Hybrid,Hybrid,ISTS,NTPC/RE-CS/2023-24/HYBRID/BOO-8,26-Sep-23,FY 2024,27-Dec-23,FY 2024,Sprng,Sprng,250,3.35,3.55,PPA Signed,250,,250,Full Capacity Won,Yes
532,NTPC,Central REIA,1500,Hybrid,Hybrid,ISTS,NTPC/RE-CS/2023-24/HYBRID/BOO-8,26-Sep-23,FY 2024,27-Dec-23,FY 2024,Avaada,AVAADA,0,3.37,3.69,Not Applicable,,,300,Unsuccessful,No
521,GUVNL,State,500,Solar,Solar,STU,GUVNL-Solar-Ph.22,6-Nov-23,FY 2024,26-Dec-23,FY 2024,Avaada Energy Pvt. Ltd.,AVAADA,200,2.64,,PPA Signed,,,200,Full Capacity Won,Yes
522,GUVNL,State,500,Solar,Solar,STU,GUVNL-Solar-Ph.22,6-Nov-23,FY 2024,26-Dec-23,FY 2024,Bluepine,Bluepine,50,2.64,,PPA Signed,,,50,Full Capacity Won,Yes
523,GUVNL,State,500,Solar,Solar,STU,GUVNL-Solar-Ph.22,6-Nov-23,FY 2024,26-Dec-23,FY 2024,Hinduja Renewables,Hinduja,280,2.635,,PPA Signed,,,280,Full Capacity Won,Yes
524,GUVNL,State,500,Solar,Solar,STU,GUVNL-Solar-Ph.22,6-Nov-23,FY 2024,26-Dec-23,FY 2024,SJVN,SJVN,200,2.63,,PPA Signed,,,200,Full Capacity Won,Yes
525,GUVNL,State,500,Solar,Solar,STU,GUVNL-Solar-Ph.22,6-Nov-23,FY 2024,26-Dec-23,FY 2024,Sprng,Sprng,0,2.66,2.79,Not Applicable,,,150,Unsuccessful,No
526,GUVNL,State,500,Solar,Solar,STU,GUVNL-Solar-Ph.22,6-Nov-23,FY 2024,26-Dec-23,FY 2024,Mahindra Susten,Mahindra,0,2.67,2.75,Not Applicable,,,100,Unsuccessful,No
527,GUVNL,State,500,Solar,Solar,STU,GUVNL-Solar-Ph.22,6-Nov-23,FY 2024,26-Dec-23,FY 2024,Juniper,Juniper,0,2.79,2.79,Not Applicable,,,40,Unsuccessful,No
514,SECI,Central REIA,1000,Solar,Solar,ISTS,SECI-Solar-ISTS - XII,13-Oct-23,FY 2024,20-Dec-23,FY 2024,Avaada Energy Pvt. Ltd.,AVAADA,300,2.52,2.75,PPA Signed,300,,300,Full Capacity Won,Yes
515,SECI,Central REIA,1000,Solar,Solar,ISTS,SECI-Solar-ISTS - XII,13-Oct-23,FY 2024,20-Dec-23,FY 2024,Solar Craft [Bluepine],Bluepine,150,2.53,2.69,PPA Signed,150,,300,Partial Capacity Won,Yes
516,SECI,Central REIA,1000,Solar,Solar,ISTS,SECI-Solar-ISTS - XII,13-Oct-23,FY 2024,20-Dec-23,FY 2024,Renew,Renew,300,2.52,2.65,PPA Signed,300,,300,Full Capacity Won,Yes
517,SECI,Central REIA,1000,Solar,Solar,ISTS,SECI-Solar-ISTS - XII,13-Oct-23,FY 2024,20-Dec-23,FY 2024,Sprng,Sprng,250,2.52,2.72,PPA Signed,250,,250,Full Capacity Won,Yes
518,SECI,Central REIA,1000,Solar,Solar,ISTS,SECI-Solar-ISTS - XII,13-Oct-23,FY 2024,20-Dec-23,FY 2024,Apraava,Apraava,0,2.53,2.7,Not Applicable,,,300,Unsuccessful,No
519,SECI,Central REIA,1000,Solar,Solar,ISTS,SECI-Solar-ISTS - XII,13-Oct-23,FY 2024,20-Dec-23,FY 2024,SJVN,SJVN,0,2.53,2.65,Not Applicable,,,200,Unsuccessful,No
520,SECI,Central REIA,1000,Solar,Solar,ISTS,SECI-Solar-ISTS - XII,13-Oct-23,FY 2024,20-Dec-23,FY 2024,NTPC,NTPC,0,2.56,2.67,Not Applicable,,,300,Unsuccessful,No
512,REC-DVC,State,100,Wind,Wind,ISTS,RECPDCL - DVC 100 MW Wind,31-Jul-23,FY 2024,17-Nov-23,FY 2024,Avaada energy private limited,AVAADA,50,3.59,,PPA Signed,,,50,Full Capacity Won,Yes
513,REC-DVC,State,100,Wind,Wind,ISTS,RECPDCL - DVC 100 MW Wind,31-Jul-23,FY 2024,17-Nov-23,FY 2024,Juniper,Juniper,50,3.59,,PPA Signed,,,50,Full Capacity Won,Yes
503,SJVN,Central REIA,1500,RTC/FDRE,FDRE,ISTS,SJVN-FDRE-1,31-Aug-23,FY 2024,7-Nov-23,FY 2024,ACME Cleantech Solutions Private Limited,ACME,250,4.38,4.38,PPA Signed,250,,250,Full Capacity Won,Yes
504,SJVN,Central REIA,1500,RTC/FDRE,FDRE,ISTS,SJVN-FDRE-1,31-Aug-23,FY 2024,7-Nov-23,FY 2024,Solarcraft power  XVI Private Limited,Bluepine,150,4.39,4.39,PPA Signed,150,,150,Full Capacity Won,Yes
505,SJVN,Central REIA,1500,RTC/FDRE,FDRE,ISTS,SJVN-FDRE-1,31-Aug-23,FY 2024,7-Nov-23,FY 2024,Hero Solar Energy,Hero,120,4.39,4.39,PPA Signed,120,,120,Full Capacity Won,Yes
506,SJVN,Central REIA,1500,RTC/FDRE,FDRE,ISTS,SJVN-FDRE-1,31-Aug-23,FY 2024,7-Nov-23,FY 2024,Juniper Green Energy Private Limited,Juniper,200,4.38,4.38,PPA Signed,200,,200,Full Capacity Won,Yes
507,SJVN,Central REIA,1500,RTC/FDRE,FDRE,ISTS,SJVN-FDRE-1,31-Aug-23,FY 2024,7-Nov-23,FY 2024,TEQ Green Power XVI Private Limited,O2 Power,80,4.39,4.39,PPA Signed,80,,80,Full Capacity Won,Yes
508,SJVN,Central REIA,1500,RTC/FDRE,FDRE,ISTS,SJVN-FDRE-1,31-Aug-23,FY 2024,7-Nov-23,FY 2024,Renew Solar Power Private Limited,Renew,184,4.39,4.39,PPA Signed,184,,300,Partial Capacity Won,Yes
509,SJVN,Central REIA,1500,RTC/FDRE,FDRE,ISTS,SJVN-FDRE-1,31-Aug-23,FY 2024,7-Nov-23,FY 2024,TATA Power Renewable Private Limited,Tata,200,4.38,4.38,PPA Signed,200,,200,Full Capacity Won,Yes
510,SJVN,Central REIA,1500,RTC/FDRE,FDRE,ISTS,SJVN-FDRE-1,31-Aug-23,FY 2024,7-Nov-23,FY 2024,BN Hybrid Power,BN Hybrid Power,0,4.4,4.4,Not Applicable,,,130,Unsuccessful,No
511,SJVN,Central REIA,1500,RTC/FDRE,FDRE,ISTS,SJVN-FDRE-1,31-Aug-23,FY 2024,7-Nov-23,FY 2024,First Energy,First Energy,0,4.46,4.46,Not Applicable,,,50,Unsuccessful,No
487,NHPC,Central REIA,3000,Solar,Solar,ISTS,NHPC- 3 GW- Solar-ISTS 2,19-Jun-23,FY 2024,6-Nov-23,FY 2024,Avaada Energy Pvt. Ltd.,AVAADA,1000,2.53,2.77,PPA Signed,1000,,1000,Full Capacity Won,Yes
488,NHPC,Central REIA,3000,Solar,Solar,ISTS,NHPC- 3 GW- Solar-ISTS 2,19-Jun-23,FY 2024,6-Nov-23,FY 2024,Apraava Energy (CLP),Apraava,250,2.53,2.75,PPA Signed,250,,250,Full Capacity Won,Yes
489,NHPC,Central REIA,3000,Solar,Solar,ISTS,NHPC- 3 GW- Solar-ISTS 2,19-Jun-23,FY 2024,6-Nov-23,FY 2024,SolaireDirect Energy Pvt. Ltd.,Engie,250,2.52,2.64,PPA Signed,250,,250,Full Capacity Won,Yes
490,NHPC,Central REIA,3000,Solar,Solar,ISTS,NHPC- 3 GW- Solar-ISTS 2,19-Jun-23,FY 2024,6-Nov-23,FY 2024,Hinduja Renewables,Hinduja,250,2.53,2.77,PPA Signed,250,,490,Partial Capacity Won,Yes
491,NHPC,Central REIA,3000,Solar,Solar,ISTS,NHPC- 3 GW- Solar-ISTS 2,19-Jun-23,FY 2024,6-Nov-23,FY 2024,Jakson Ltd.,Jakson,400,2.53,2.7,PPA Signed,400,,400,Full Capacity Won,Yes
492,NHPC,Central REIA,3000,Solar,Solar,ISTS,NHPC- 3 GW- Solar-ISTS 2,19-Jun-23,FY 2024,6-Nov-23,FY 2024,Hazel Hybren Private Limited [Mahindra Susten],Mahindra,300,2.53,2.77,PPA Signed,300,,300,Full Capacity Won,Yes
493,NHPC,Central REIA,3000,Solar,Solar,ISTS,NHPC- 3 GW- Solar-ISTS 2,19-Jun-23,FY 2024,6-Nov-23,FY 2024,Green Infra Wind Energy Limited [SEMBCORP],Sembcorp,300,2.53,2.78,PPA Signed,300,,300,Full Capacity Won,Yes
494,NHPC,Central REIA,3000,Solar,Solar,ISTS,NHPC- 3 GW- Solar-ISTS 2,19-Jun-23,FY 2024,6-Nov-23,FY 2024,NTPC,NTPC,0,2.54,2.85,Not Applicable,,,660,Unsuccessful,No
495,NHPC,Central REIA,3000,Solar,Solar,ISTS,NHPC- 3 GW- Solar-ISTS 2,19-Jun-23,FY 2024,6-Nov-23,FY 2024,ReNew Solar,Renew,0,2.56,2.79,Not Applicable,,,600,Unsuccessful,No
496,NHPC,Central REIA,3000,Solar,Solar,ISTS,NHPC- 3 GW- Solar-ISTS 2,19-Jun-23,FY 2024,6-Nov-23,FY 2024,SolarCraft Power India vt. Ltd. [Bluepine],Bluepine,0,2.57,2.89,Not Applicable,,,300,Unsuccessful,No
497,NHPC,Central REIA,3000,Solar,Solar,ISTS,NHPC- 3 GW- Solar-ISTS 2,19-Jun-23,FY 2024,6-Nov-23,FY 2024,ENERGIZENT Power Pvt. Ltd. [O2],O2 Power,0,2.58,2.76,Not Applicable,,,600,Unsuccessful,No
498,NHPC,Central REIA,3000,Solar,Solar,ISTS,NHPC- 3 GW- Solar-ISTS 2,19-Jun-23,FY 2024,6-Nov-23,FY 2024,Eden Renewables,Eden,0,2.73,2.74,Not Applicable,,,300,Unsuccessful,No
499,NHPC,Central REIA,3000,Solar,Solar,ISTS,NHPC- 3 GW- Solar-ISTS 2,19-Jun-23,FY 2024,6-Nov-23,FY 2024,Juniper Green ,Juniper,0,2.78,2.79,Not Applicable,,,150,Unsuccessful,No
500,NHPC,Central REIA,3000,Solar,Solar,ISTS,NHPC- 3 GW- Solar-ISTS 2,19-Jun-23,FY 2024,6-Nov-23,FY 2024,Suryatej Renewables [UPC],UPC,0,2.79,2.79,Not Applicable,,,300,Unsuccessful,No
501,NHPC,Central REIA,3000,Solar,Solar,ISTS,NHPC- 3 GW- Solar-ISTS 2,19-Jun-23,FY 2024,6-Nov-23,FY 2024,TATA Renewable,Tata,0,,2.96,Not Applicable,,,600,Unsuccessful,No
502,NHPC,Central REIA,3000,Solar,Solar,ISTS,NHPC- 3 GW- Solar-ISTS 2,19-Jun-23,FY 2024,6-Nov-23,FY 2024,Sprng Energy Pvt. Ltd.,Sprng,250,2.53,2.74,PPA Signed,250,,250,Full Capacity Won,Yes
480,HPPC,State,500,Solar,Solar,STU,"500 MW SOLAR POWER, Max 10 MW to single bidder",17-Apr-23,FY 2024,29-Sep-23,FY 2024,Adarshbadli construction private limited,Adarshbadli construction private limited,10,3.37,,Tender Cancelled,,,10,Full Capacity Won,Yes
481,HPPC,State,500,Solar,Solar,STU,"500 MW SOLAR POWER, Max 10 MW to single bidder",17-Apr-23,FY 2024,29-Sep-23,FY 2024,Avaada Energy private limited,AVAADA,10,3.37,,Tender Cancelled,,,10,Full Capacity Won,Yes
482,HPPC,State,500,Solar,Solar,STU,"500 MW SOLAR POWER, Max 10 MW to single bidder",17-Apr-23,FY 2024,29-Sep-23,FY 2024,EKI energy service limited,EKI,10,3.37,,Tender Cancelled,,,10,Full Capacity Won,Yes
483,HPPC,State,500,Solar,Solar,STU,"500 MW SOLAR POWER, Max 10 MW to single bidder",17-Apr-23,FY 2024,29-Sep-23,FY 2024,Ganesh Electricales private limited,Ganesh Electricales private limited,10,3.37,,Tender Cancelled,,,10,Full Capacity Won,Yes
484,HPPC,State,500,Solar,Solar,STU,"500 MW SOLAR POWER, Max 10 MW to single bidder",17-Apr-23,FY 2024,29-Sep-23,FY 2024,MPCl industries limited,MPCl industries limited,10,3.37,,Tender Cancelled,,,10,Full Capacity Won,Yes
485,HPPC,State,500,Solar,Solar,STU,"500 MW SOLAR POWER, Max 10 MW to single bidder",17-Apr-23,FY 2024,29-Sep-23,FY 2024,Roopram Educare private limited,Roopram Educare private limited,10,3.37,,Tender Cancelled,,,10,Full Capacity Won,Yes
486,HPPC,State,500,Solar,Solar,STU,"500 MW SOLAR POWER, Max 10 MW to single bidder",17-Apr-23,FY 2024,29-Sep-23,FY 2024,SaI GR Impex Private limited,SaI GR Impex Private limited,10,3.37,,Tender Cancelled,,,10,Full Capacity Won,Yes
477,TPCL,State,225,Hybrid,Hybrid,ISTS,TPCL Wind + Hybrid,26-Jun-23,FY 2024,5-Sep-23,FY 2024,Juniper Green Energy Private Limited,Juniper,150,3.27,3.7,PPA Signed,,,150,Full Capacity Won,Yes
478,TPCL,State,225,Hybrid,Hybrid,ISTS,TPCL Wind + Hybrid,26-Jun-23,FY 2024,5-Sep-23,FY 2024,Tata power renewable energy limited,Tata,300,3.275,3.69,PPA Signed,,,450,Partial Capacity Won,Yes
479,TPCL,State,225,Hybrid,Hybrid,ISTS,TPCL Wind + Hybrid,26-Jun-23,FY 2024,5-Sep-23,FY 2024,Avaada,AVAADA,0,3.58,3.62,Not Applicable,,,150,Unsuccessful,No
467,SECI,Central REIA,2000,Solar,Solar,ISTS,ISTS - XI,31-Mar-23,FY 2023,21-Jul-23,FY 2024,Avaada Energy Pvt. Ltd.,AVAADA,200,2.61,2.79,PPA signed,200,,500,Partial Capacity Won,Yes
468,SECI,Central REIA,2000,Solar,Solar,ISTS,ISTS - XI,31-Mar-23,FY 2023,21-Jul-23,FY 2024,Eden,Eden,300,2.6,2.64,PPA signed,300,,300,Full Capacity Won,Yes
469,SECI,Central REIA,2000,Solar,Solar,ISTS,ISTS - XI,31-Mar-23,FY 2023,21-Jul-23,FY 2024,Jakson,Jakson,200,2.6,2.78,PPA signed,200,,200,Full Capacity Won,Yes
470,SECI,Central REIA,2000,Solar,Solar,ISTS,ISTS - XI,31-Mar-23,FY 2023,21-Jul-23,FY 2024,ReNew,Renew,600,2.6,2.74,PPA signed,600,,600,Full Capacity Won,Yes
471,SECI,Central REIA,2000,Solar,Solar,ISTS,ISTS - XI,31-Mar-23,FY 2023,21-Jul-23,FY 2024,Shiva Corporation,Shiva Corp,100,2.6,2.78,PPA signed,100,,100,Full Capacity Won,Yes
472,SECI,Central REIA,2000,Solar,Solar,ISTS,ISTS - XI,31-Mar-23,FY 2023,21-Jul-23,FY 2024,SAEL,SAEL,600,2.6,2.72,PPA signed,600,,600,Full Capacity Won,Yes
473,SECI,Central REIA,2000,Solar,Solar,ISTS,ISTS - XI,31-Mar-23,FY 2023,21-Jul-23,FY 2024,O2 Power,O2 Power,0,2.62,2.78,Not Applicable,,,300,Unsuccessful,No
474,SECI,Central REIA,2000,Solar,Solar,ISTS,ISTS - XI,31-Mar-23,FY 2023,21-Jul-23,FY 2024,Apraav Energy [CLP],Apraava,0,2.62,2.69,Not Applicable,,,300,Unsuccessful,No
475,SECI,Central REIA,2000,Solar,Solar,ISTS,ISTS - XI,31-Mar-23,FY 2023,21-Jul-23,FY 2024,Solarcraft [Bluepine],Bluepine,0,2.62,2.81,Not Applicable,,,300,Unsuccessful,No
476,SECI,Central REIA,2000,Solar,Solar,ISTS,ISTS - XI,31-Mar-23,FY 2023,21-Jul-23,FY 2024,Juniper,Juniper,0,2.89,2.89,Not Applicable,,,150,Unsuccessful,No
461,GUVNL,State,800,Solar,Solar,Khavda,GUVNL-Khavada Solar Park Solar Ph.17,20-May-23,FY 2024,1-Jul-23,FY 2024,KPI,KP Energy,200,2.7,2.95,PPA Signed,,,200,Full Capacity Won,Yes
462,GUVNL,State,800,Solar,Solar,Khavda,GUVNL-Khavada Solar Park Solar Ph.17,20-May-23,FY 2024,1-Jul-23,FY 2024,NLC,NLC,600,2.71,2.96,PPA Signed,,,600,Full Capacity Won,Yes
463,GUVNL,State,800,Solar,Solar,Khavda,GUVNL-Khavada Solar Park Solar Ph.17,20-May-23,FY 2024,1-Jul-23,FY 2024,SAEL,SAEL,800,2.71,2.82,PPA Signed,,,800,Full Capacity Won,Yes
464,GUVNL,State,800,Solar,Solar,Khavda,GUVNL-Khavada Solar Park Solar Ph.17,20-May-23,FY 2024,1-Jul-23,FY 2024,NTPC,NTPC,0,2.72,2.98,Not Applicable,,,300,Unsuccessful,No
465,GUVNL,State,800,Solar,Solar,Khavda,GUVNL-Khavada Solar Park Solar Ph.17,20-May-23,FY 2024,1-Jul-23,FY 2024,SJVN,SJVN,0,2.81,2.95,Not Applicable,,,300,Unsuccessful,No
466,GUVNL,State,800,Solar,Solar,Khavda,GUVNL-Khavada Solar Park Solar Ph.17,20-May-23,FY 2024,1-Jul-23,FY 2024,ACME,ACME,0,2.94,2.97,Not Applicable,,,100,Unsuccessful,No
455,SECI,Central REIA,1200,Wind,Wind,ISTS,SECI 1200 MW Wind Trench-14 ISTS,20-Feb-23,FY 2023,12-Jun-23,FY 2024,Apraava Energy Pvt. Ltd. (CLP India),Apraava,300,3.24,3.24,PPA Signed,300,,300,Full Capacity Won,Yes
456,SECI,Central REIA,1200,Wind,Wind,ISTS,SECI 1200 MW Wind Trench-14 ISTS,20-Feb-23,FY 2023,12-Jun-23,FY 2024,Green Prairie Energy Pvt. Ltd. (Evergreen Renewables),Ever Green,190,3.18,3.18,PPA Signed,190,,190,Full Capacity Won,Yes
457,SECI,Central REIA,1200,Wind,Wind,ISTS,SECI 1200 MW Wind Trench-14 ISTS,20-Feb-23,FY 2023,12-Jun-23,FY 2024,SJVN,SJVN,200,3.24,3.26,PPA Signed,200,,200,Full Capacity Won,Yes
458,SECI,Central REIA,1200,Wind,Wind,ISTS,SECI 1200 MW Wind Trench-14 ISTS,20-Feb-23,FY 2023,12-Jun-23,FY 2024,Torrent,Torrent,0,3.3,3.3,Not Applicable,,,150,Unsuccessful,No
459,SECI,Central REIA,1200,Wind,Wind,ISTS,SECI 1200 MW Wind Trench-14 ISTS,20-Feb-23,FY 2023,12-Jun-23,FY 2024,Dhaani Renewables (Bluepine),Bluepine,0,3.36,3.36,Not Applicable,,,300,Unsuccessful,No
460,SECI,Central REIA,1200,Wind,Wind,ISTS,SECI 1200 MW Wind Trench-14 ISTS,20-Feb-23,FY 2023,12-Jun-23,FY 2024,Avaada Energy Pvt. Ltd.,AVAADA,0,3.47,3.47,Not Applicable,,,100,Unsuccessful,No
452,CESC,State,150,Hybrid,Hybrid,ISTS,CESC 150 MW Wind-Solar Hybrid ISTS,20-Feb-23,FY 2023,10-May-23,FY 2024,AMP,Amp,150,3.07,3.17,PPA Signed,,,150,Full Capacity Won,Yes
453,CESC,State,150,Hybrid,Hybrid,ISTS,CESC 150 MW Wind-Solar Hybrid ISTS,20-Feb-23,FY 2023,10-May-23,FY 2024,Acme,Acme,0,3.08,3.3,Not Applicable,,,150,Unsuccessful,No
454,CESC,State,150,Hybrid,Hybrid,ISTS,CESC 150 MW Wind-Solar Hybrid ISTS,20-Feb-23,FY 2023,10-May-23,FY 2024,Avaada Energy Pvt. Ltd.,AVAADA,0,3.3,3.3,Not Applicable,,,150,Unsuccessful,No
448,GUVNL,State,500,Wind,Wind,Gujarat,GUVNL 500 MW Wind Ph.5 (+500 MW under Green-shoe),3/14/2023,FY 2023,6-May-23,FY 2024,SolarCraft (Bluepine),Bluepine,40,3.17,,PPA Signed,,,100,Partial Capacity Won,Yes
449,GUVNL,State,500,Wind,Wind,Gujarat,GUVNL 500 MW Wind Ph.5 (+500 MW under Green-shoe),3/14/2023,FY 2023,6-May-23,FY 2024,Evergreen Renewables,Ever Green,30,3.17,,PPA Signed,,,30,Full Capacity Won,Yes
450,GUVNL,State,500,Wind,Wind,Gujarat,GUVNL 500 MW Wind Ph.5 (+500 MW under Green-shoe),3/14/2023,FY 2023,6-May-23,FY 2024,Juniper ,Juniper,70,3.11,,PPA Signed,,,70,Full Capacity Won,Yes
451,GUVNL,State,500,Wind,Wind,Gujarat,GUVNL 500 MW Wind Ph.5 (+500 MW under Green-shoe),3/14/2023,FY 2023,6-May-23,FY 2024,SJVN,SJVN,100,3.17,,PPA Signed,,,100,Full Capacity Won,Yes
440,RUVNL,State,1000,Solar,Solar,Rajasthan,RUVNL 1000 MW Solar STU,18-Jan-23,FY 2023,4-May-23,FY 2024,Avaada Energy Pvt. Ltd.,AVAADA,200,2.62,2.89,PPA signed,,,200,Full Capacity Won,Yes
441,RUVNL,State,1000,Solar,Solar,Rajasthan,RUVNL 1000 MW Solar STU,18-Jan-23,FY 2023,4-May-23,FY 2024,Solarcraft Power (Bluepine Energy),Bluepine,150,2.61,2.89,PPA signed,,,150,Full Capacity Won,Yes
442,RUVNL,State,1000,Solar,Solar,Rajasthan,RUVNL 1000 MW Solar STU,18-Jan-23,FY 2023,4-May-23,FY 2024,Jakson Limited,Jakson,100,2.61,2.65,PPA signed,,,100,Full Capacity Won,Yes
443,RUVNL,State,1000,Solar,Solar,Rajasthan,RUVNL 1000 MW Solar STU,18-Jan-23,FY 2023,4-May-23,FY 2024,Mahindra Susten Pvt. Ltd.,Mahindra,200,2.61,2.88,PPA signed,,,200,Full Capacity Won,Yes
444,RUVNL,State,1000,Solar,Solar,Rajasthan,RUVNL 1000 MW Solar STU,18-Jan-23,FY 2023,4-May-23,FY 2024,"Shiva Corp. India Ltd., Jaipur",Shiva Corp,50,2.61,2.65,PPA signed,,,50,Full Capacity Won,Yes
445,RUVNL,State,1000,Solar,Solar,Rajasthan,RUVNL 1000 MW Solar STU,18-Jan-23,FY 2023,4-May-23,FY 2024,SJVN,SJVN,100,2.62,2.69,PPA signed,,,300,Partial Capacity Won,Yes
446,RUVNL,State,1000,Solar,Solar,Rajasthan,RUVNL 1000 MW Solar STU,18-Jan-23,FY 2023,4-May-23,FY 2024,Sunfree Energy Pvt. Ltd. (SAEL),SAEL,200,2.61,2.82,PPA signed,,,200,Full Capacity Won,Yes
447,RUVNL,State,1000,Solar,Solar,Rajasthan,RUVNL 1000 MW Solar STU,18-Jan-23,FY 2023,4-May-23,FY 2024,NTPC,NTPC,0,2.63,2.79,Not Applicable,,,500,Unsuccessful,No
435,GUVNL,State,500,Solar,Solar,GETCO Periphery,GUVNL 500 MW Solar Ph.19 (+500 MW under Green-shoe),4-Feb-23,FY 2023,20-Apr-23,FY 2024,Avaada Energy Pvt Ltd,AVAADA,280,2.73,2.79,COD achieved,,,1000,Partial Capacity Won,Yes
436,GUVNL,State,500,Solar,Solar,GETCO Periphery,GUVNL 500 MW Solar Ph.19 (+500 MW under Green-shoe),4-Feb-23,FY 2023,20-Apr-23,FY 2024,Solarcraft,Bluepine,120,2.72,2.83,COD achieved,,,120,Full Capacity Won,Yes
437,GUVNL,State,500,Solar,Solar,GETCO Periphery,GUVNL 500 MW Solar Ph.19 (+500 MW under Green-shoe),4-Feb-23,FY 2023,20-Apr-23,FY 2024,Mahindra Susten Pvt. Ltd.,Mahindra,200,2.72,2.85,COD achieved,,,200,Full Capacity Won,Yes
438,GUVNL,State,500,Solar,Solar,GETCO Periphery,GUVNL 500 MW Solar Ph.19 (+500 MW under Green-shoe),4-Feb-23,FY 2023,20-Apr-23,FY 2024,Renew,Renew,400,2.71,2.71,COD achieved,,,400,Full Capacity Won,Yes
439,GUVNL,State,600,Solar,Solar,ISTS,GUVNL 500 MW Solar Ph.19 (+500 MW under Green-shoe),4-Feb-23,FY 2023,20-Apr-23,FY 2024,Solairedirect Energy India Private Limited [Engie],Engie,0,2.83,2.83,Not Applicable,,,100,Unsuccessful,No
429,MSEDCL,State,500,Solar,Solar,STU,MSEDCL InSTS 500 MW Solar Ph.10,2/14/2023,FY 2023,13-Apr-23,FY 2024,Avaada Energy Pvt Ltd,AVAADA,400,2.79,2.92,LoA Issued,,,500,Partial Capacity Won,Yes
430,MSEDCL,State,500,Solar,Solar,STU,MSEDCL InSTS 500 MW Solar Ph.10,2/14/2023,FY 2023,13-Apr-23,FY 2024,Sukhbir Agro,SAEL,100,2.79,2.9,LoA Issued,,,100,Full Capacity Won,Yes
431,MSEDCL,State,500,Solar,Solar,STU,MSEDCL InSTS 500 MW Solar Ph.10,2/14/2023,FY 2023,13-Apr-23,FY 2024,SJVN,SJVN,0,3.1,3.1,Not Applicable,,,300,Unsuccessful,No
432,MSEDCL,State,500,Solar,Solar,STU,MSEDCL InSTS 500 MW Solar Ph.10,2/14/2023,FY 2023,13-Apr-23,FY 2024,Juniper,Juniper,0,2.99,2.99,Not Applicable,,,75,Unsuccessful,No
433,MSEDCL,State,500,Solar,Solar,STU,MSEDCL InSTS 500 MW Solar Ph.10,2/14/2023,FY 2023,13-Apr-23,FY 2024,NHPC,NHPC,0,3.12,3.12,Not Applicable,,,200,Unsuccessful,No
434,MSEDCL,State,500,Solar,Solar,STU,MSEDCL InSTS 500 MW Solar Ph.10,2/14/2023,FY 2023,13-Apr-23,FY 2024,Torrent,Torrent,0,3.26,3.26,Not Applicable,,,200,Unsuccessful,No
422,SECI,Central REIA,1500,RTC/FDRE,Peak,ISTS,SECI 1200 MW Hybrid Power assured Peak Power Tranche-VI ,11/2/2022,FY 2023,12-Apr-23,FY 2024,ACME,Acme,380,4.73,4.93,PPA Signed,380,,1080,Partial Capacity Won,Yes
423,SECI,Central REIA,1500,RTC/FDRE,Peak,ISTS,SECI 1200 MW Hybrid Power assured Peak Power Tranche-VI ,11/2/2022,FY 2023,12-Apr-23,FY 2024,AMP Energy,Amp,100,4.64,4.64,PPA Signed,100,,100,Full Capacity Won,Yes
424,SECI,Central REIA,1500,RTC/FDRE,Peak,ISTS,SECI 1200 MW Hybrid Power assured Peak Power Tranche-VI ,11/2/2022,FY 2023,12-Apr-23,FY 2024,Hero Solar Energy Pvt. Ltd.,Hero,120,4.72,4.94,PPA Signed,120,,120,Full Capacity Won,Yes
425,SECI,Central REIA,1500,RTC/FDRE,Peak,ISTS,SECI 1200 MW Hybrid Power assured Peak Power Tranche-VI ,11/2/2022,FY 2023,12-Apr-23,FY 2024,ReNew Vikram Shakti Pvt. Ltd.,Renew,600,4.69,4.69,PPA Signed,600,,600,Full Capacity Won,Yes
426,SECI,Central REIA,1500,RTC/FDRE,Peak,ISTS,SECI 1200 MW Hybrid Power assured Peak Power Tranche-VI ,11/2/2022,FY 2023,12-Apr-23,FY 2024,Project Fifteen (Ayana),Ayana,0,4.92,4.92,Not Applicable,,,150,Unsuccessful,No
427,SECI,Central REIA,1500,RTC/FDRE,Peak,ISTS,SECI 1200 MW Hybrid Power assured Peak Power Tranche-VI ,11/2/2022,FY 2023,12-Apr-23,FY 2024,Tata Power,Tata,0,5.4,5.4,Not Applicable,,,200,Unsuccessful,No
428,SECI,Central REIA,1500,RTC/FDRE,Peak,ISTS,SECI 1200 MW Hybrid Power assured Peak Power Tranche-VI ,11/2/2022,FY 2023,12-Apr-23,FY 2024,TEQ Green (O2 Power),O2 Power,0,5.45,5.45,Not Applicable,,,50,Unsuccessful,No
414,REC-DVC,State,500,Solar,Solar,ISTS,RECPDCL 500 MW ISTS Solar (DVC),1-Dec-22,FY 2023,6-Apr-23,FY 2024,Avaada Energy Pvt. Ltd.,AVAADA,300,2.7,2.79,PPA signed,,,500,Partial Capacity Won,Yes
415,REC-DVC,State,500,Solar,Solar,ISTS,RECPDCL 500 MW ISTS Solar (DVC),1-Dec-22,FY 2023,6-Apr-23,FY 2024,ReNew,Renew,200,2.69,2.75,PPA signed,,,200,Full Capacity Won,Yes
416,REC-DVC,State,500,Solar,Solar,ISTS,RECPDCL 500 MW ISTS Solar (DVC),1-Dec-22,FY 2023,6-Apr-23,FY 2024,Solalite [O2 Power],O2 Power,0,2.79,2.79,Not Applicable,,,100,Unsuccessful,No
417,REC-DVC,State,500,Solar,Solar,ISTS,RECPDCL 500 MW ISTS Solar (DVC),1-Dec-22,FY 2023,6-Apr-23,FY 2024,Apraava Energy [CLP India],Apraava,0,2.78,2.8,Not Applicable,,,100,Unsuccessful,No
418,REC-DVC,State,500,Solar,Solar,ISTS,RECPDCL 500 MW ISTS Solar (DVC),1-Dec-22,FY 2023,6-Apr-23,FY 2024,Eden,Eden,0,2.84,2.84,Not Applicable,,,300,Unsuccessful,No
419,REC-DVC,State,500,Solar,Solar,ISTS,RECPDCL 500 MW ISTS Solar (DVC),1-Dec-22,FY 2023,6-Apr-23,FY 2024,NTPC REL,NTPC,0,2.93,2.93,Not Applicable,,,500,Unsuccessful,No
420,REC-DVC,State,500,Solar,Solar,ISTS,RECPDCL 500 MW ISTS Solar (DVC),1-Dec-22,FY 2023,6-Apr-23,FY 2024,Refex,Refex,0,3.02,3.02,Not Applicable,,,150,Unsuccessful,No
421,REC-DVC,State,500,Solar,Solar,ISTS,RECPDCL 500 MW ISTS Solar (DVC),1-Dec-22,FY 2023,6-Apr-23,FY 2024,Solarcraft [Bluepine],Bluepine,0,3.2,3.2,Not Applicable,,,130,Unsuccessful,No
400,REMCL,State,1000,RTC/FDRE,RTC,ISTS,REMCL 1000 MW RE-RTC Tender,4-Feb-23,FY 2023,5-Apr-23,FY 2024,Project Nine (Ayana),Ayana,300,4.1,,PPA signed,,,300,Full Capacity Won,Yes
401,REMCL,State,1000,RTC/FDRE,RTC,ISTS,REMCL 1000 MW RE-RTC Tender,4-Feb-23,FY 2023,5-Apr-23,FY 2024,NTPC Renewables,NTPC,500,4.1,,PPA signed,,,500,Full Capacity Won,Yes
402,REMCL,State,1000,RTC/FDRE,RTC,ISTS,REMCL 1000 MW RE-RTC Tender,4-Feb-23,FY 2023,5-Apr-23,FY 2024,TEQ Green (O2 Power),O2 Power,60,4.27,,Capacity Surrendered,,,100,Partial Capacity Won,Yes
403,REMCL,State,1000,RTC/FDRE,RTC,ISTS,REMCL 1000 MW RE-RTC Tender,4-Feb-23,FY 2023,5-Apr-23,FY 2024,Sprng,Sprng,100,3.99,,PPA signed,,,100,Full Capacity Won,Yes
404,REMCL,State,1000,RTC/FDRE,RTC,ISTS,REMCL 1000 MW RE-RTC Tender,4-Feb-23,FY 2023,5-Apr-23,FY 2024,Tata,Tata,0,4.35,,Not Applicable,,,100,Unsuccessful,No
405,REMCL,State,1000,RTC/FDRE,RTC,ISTS,REMCL 1000 MW RE-RTC Tender,4-Feb-23,FY 2023,5-Apr-23,FY 2024,Serentica Renewables (Sterlite),Sterlite,0,5.6,,Not Applicable,,,100,Unsuccessful,No
406,REC-NTPC,State,1500,Solar,Solar,ISTS,RECPDCL 1250 MW ISTS Solar (NTPC),1-Dec-22,FY 2023,5-Apr-23,FY 2024,Solairedirect,Engie,300,2.55,2.58,PPA signed,,,300,Full Capacity Won,Yes
407,REC-NTPC,State,1500,Solar,Solar,ISTS,RECPDCL 1250 MW ISTS Solar (NTPC),1-Dec-22,FY 2023,5-Apr-23,FY 2024,NTPC REL,NTPC,550,2.56,2.93,PPA signed,,,1250,Partial Capacity Won,Yes
408,REC-NTPC,State,1500,Solar,Solar,ISTS,RECPDCL 1250 MW ISTS Solar (NTPC),1-Dec-22,FY 2023,5-Apr-23,FY 2024,ReNew,Renew,400,2.55,2.63,PPA signed,,,400,Full Capacity Won,Yes
409,REC-NTPC,State,1500,Solar,Solar,ISTS,RECPDCL 1250 MW ISTS Solar (NTPC),1-Dec-22,FY 2023,5-Apr-23,FY 2024,Avaada Energy Pvt. Ltd.,AVAADA,0,2.57,2.75,Not Applicable,,,500,Unsuccessful,No
410,REC-NTPC,State,1500,Solar,Solar,ISTS,RECPDCL 1250 MW ISTS Solar (NTPC),1-Dec-22,FY 2023,5-Apr-23,FY 2024,Ayana,Ayana,0,2.72,2.72,Not Applicable,,,300,Unsuccessful,No
411,REC-NTPC,State,1500,Solar,Solar,ISTS,RECPDCL 1250 MW ISTS Solar (NTPC),1-Dec-22,FY 2023,5-Apr-23,FY 2024,Eden,Eden,0,2.82,2.82,Not Applicable,,,300,Unsuccessful,No
412,REC-NTPC,State,1500,Solar,Solar,ISTS,RECPDCL 1250 MW ISTS Solar (NTPC),1-Dec-22,FY 2023,5-Apr-23,FY 2024,ACME,Acme,0,2.97,2.97,Not Applicable,,,300,Unsuccessful,No
413,REC-NTPC,State,1500,Solar,Solar,ISTS,RECPDCL 1250 MW ISTS Solar (NTPC),1-Dec-22,FY 2023,5-Apr-23,FY 2024,Solarcraft [Bluepine Energy],Bluepine,0,3.25,3.25,Not Applicable,,,300,Unsuccessful,No
389,GUVNL,State,500,Solar,Solar,ISTS,GUVNL 500 MW Solar Ph.18 (+500 MW under Green-shoe),,,31-Jan-23,FY 2023,Sprng,Sprng,300,2.51,2.69,PPA Signed,,,300,Full Capacity Won,Yes
390,GUVNL,State,500,Solar,Solar,ISTS,GUVNL 500 MW Solar Ph.18 (+500 MW under Green-shoe),,,31-Jan-23,FY 2023,IB Vogt,IB Vogt,200,2.517,2.69,PPA Signed,,,200,Full Capacity Won,Yes
391,GUVNL,State,500,Solar,Solar,ISTS,GUVNL 500 MW Solar Ph.18 (+500 MW under Green-shoe),,,31-Jan-23,FY 2023,Hinduja,Hinduja,240,2.515,2.76,PPA Signed,,,240,Full Capacity Won,Yes
392,GUVNL,State,500,Solar,Solar,ISTS,GUVNL 500 MW Solar Ph.18 (+500 MW under Green-shoe),,,31-Jan-23,FY 2023,Bluepine,Bluepine,120,2.514,2.78,PPA Signed,,,190,Partial Capacity Won,Yes
393,GUVNL,State,500,Solar,Solar,ISTS,GUVNL 500 MW Solar Ph.18 (+500 MW under Green-shoe),,,31-Jan-23,FY 2023,Mahindra Susten,Mahindra,0,2.53,2.69,Not Applicable,,,200,Unsuccessful,No
394,GUVNL,State,500,Solar,Solar,ISTS,GUVNL 500 MW Solar Ph.18 (+500 MW under Green-shoe),,,31-Jan-23,FY 2023,ACME,Acme,0,2.54,2.76,Not Applicable,,,300,Unsuccessful,No
395,GUVNL,State,500,Solar,Solar,ISTS,GUVNL 500 MW Solar Ph.18 (+500 MW under Green-shoe),,,31-Jan-23,FY 2023,Avaada Energy Pvt. Ltd.,AVAADA,0,2.58,2.87,Not Applicable,,,500,Unsuccessful,No
396,GUVNL,State,500,Solar,Solar,ISTS,GUVNL 500 MW Solar Ph.18 (+500 MW under Green-shoe),,,31-Jan-23,FY 2023,Project Eighteen [Ayana],Ayana,0,2.68,2.72,Not Applicable,,,60,Unsuccessful,No
397,GUVNL,State,500,Solar,Solar,ISTS,GUVNL 500 MW Solar Ph.18 (+500 MW under Green-shoe),,,31-Jan-23,FY 2023,TEQ Green [O2 Power],O2 Power,0,2.83,2.83,Not Applicable,,,80,Unsuccessful,No
398,GUVNL,State,500,Solar,Solar,ISTS,GUVNL 500 MW Solar Ph.18 (+500 MW under Green-shoe),,,31-Jan-23,FY 2023,Tata,Tata,0,2.85,2.85,Not Applicable,,,300,Unsuccessful,No
399,GUVNL,State,500,Solar,Solar,ISTS,GUVNL 500 MW Solar Ph.18 (+500 MW under Green-shoe),,,31-Jan-23,FY 2023,SJVN,SJVN,0,2.95,2.95,Not Applicable,,,100,Unsuccessful,No
382,GUVNL,State,500,Wind,Wind,ISTS,GUVNL 300 MW Wind Ph.4 (+300 MW under Green-shoe),,,30-Jan-23,FY 2023,ACME ,Acme,100,3.01,3.15,PPA Signed,,,100,Full Capacity Won,Yes
383,GUVNL,State,500,Wind,Wind,ISTS,GUVNL 300 MW Wind Ph.4 (+300 MW under Green-shoe),,,30-Jan-23,FY 2023,SOLARCRAFT POWER (BLUEPINE),Bluepine,50,3.01,3.37,PPA Signed,,,100,Partial Capacity Won,Yes
384,GUVNL,State,500,Wind,Wind,ISTS,GUVNL 300 MW Wind Ph.4 (+300 MW under Green-shoe),,,30-Jan-23,FY 2023,WYN RENEWABLES (EDF),EDF,100,3,3.25,PPA Signed,,,100,Full Capacity Won,Yes
385,GUVNL,State,500,Wind,Wind,ISTS,GUVNL 300 MW Wind Ph.4 (+300 MW under Green-shoe),,,30-Jan-23,FY 2023,Juniper ,Juniper,50,2.96,2.96,PPA Signed,,,50,Full Capacity Won,Yes
386,GUVNL,State,500,Wind,Wind,ISTS,GUVNL 300 MW Wind Ph.4 (+300 MW under Green-shoe),,,30-Jan-23,FY 2023,Avaada Energy Pvt. Ltd.,AVAADA,0,3.08,3.13,Not Applicable,,,50,Unsuccessful,No
387,GUVNL,State,500,Wind,Wind,ISTS,GUVNL 300 MW Wind Ph.4 (+300 MW under Green-shoe),,,30-Jan-23,FY 2023,PROJECT FOURTEEN RENEWABLE (AYANA),Ayana,0,3.22,3.22,Not Applicable,,,60,Unsuccessful,No
388,GUVNL,State,500,Wind,Wind,ISTS,GUVNL 300 MW Wind Ph.4 (+300 MW under Green-shoe),,,30-Jan-23,FY 2023,UPC RENEWABLES ,UPC,0,3.27,3.27,Not Applicable,,,99,Unsuccessful,No
369,SECI,Central REIA,1200,Wind,Wind,ISTS,SECI 1200 MW Wind Tranch-13,,,22-Dec-22,FY 2023,Solarcraft (Blupine),Bluepine,300,3.1,3.1,LoA issued,,,300,Full Capacity Won,Yes
370,SECI,Central REIA,1200,Wind,Wind,ISTS,SECI 1200 MW Wind Tranch-13,,,22-Dec-22,FY 2023,Scatec,EDF,300,2.95,2.95,LoA issued,,,300,Full Capacity Won,Yes
371,SECI,Central REIA,1200,Wind,Wind,ISTS,SECI 1200 MW Wind Tranch-13,,,22-Dec-22,FY 2023,Devpur Renewables (Edf Renewables),EDF,300,3.14,3.14,LoA issued,,,300,Full Capacity Won,Yes
372,SECI,Central REIA,1200,Wind,Wind,ISTS,SECI 1200 MW Wind Tranch-13,,,22-Dec-22,FY 2023,O2 Power,O2 Power,200,2.95,2.95,LoA issued,,,200,Full Capacity Won,Yes
373,SECI,Central REIA,1200,Wind,Wind,ISTS,SECI 1200 MW Wind Tranch-13,,,22-Dec-22,FY 2023,SJVN,SJVN,100,2.9,2.9,LoA issued,,,100,Full Capacity Won,Yes
374,SECI,Central REIA,1200,Wind,Wind,ISTS,SECI 1200 MW Wind Tranch-13,,,22-Dec-22,FY 2023,Tunga Renewables (Enel Green),ENEL,0,3.15,3.15,Not Applicable,,,60,Unsuccessful,No
375,SECI,Central REIA,1200,Wind,Wind,ISTS,SECI 1200 MW Wind Tranch-13,,,22-Dec-22,FY 2023,JSW Energy,JSW,0,3.17,3.17,Not Applicable,,,300,Unsuccessful,No
376,SECI,Central REIA,1200,Wind,Wind,ISTS,SECI 1200 MW Wind Tranch-13,,,22-Dec-22,FY 2023,Azure Power,Azure,0,3.25,3.25,Not Applicable,,,150,Unsuccessful,No
377,SECI,Central REIA,1200,Wind,Wind,ISTS,SECI 1200 MW Wind Tranch-13,,,22-Dec-22,FY 2023,Green Infra (Sembcorp),Sembcorp,0,3.25,3.25,Not Applicable,,,300,Unsuccessful,No
378,SECI,Central REIA,1200,Wind,Wind,ISTS,SECI 1200 MW Wind Tranch-13,,,22-Dec-22,FY 2023,Evergreen Renewables,Ever Green,0,3.26,3.26,Not Applicable,,,200,Unsuccessful,No
379,SECI,Central REIA,1200,Wind,Wind,ISTS,SECI 1200 MW Wind Tranch-13,,,22-Dec-22,FY 2023,NHPC,NHPC,0,3.33,3.33,Not Applicable,,,50,Unsuccessful,No
380,SECI,Central REIA,1200,Wind,Wind,ISTS,SECI 1200 MW Wind Tranch-13,,,22-Dec-22,FY 2023,Ayana,Ayana,0,3.33,3.33,Not Applicable,,,300,Unsuccessful,No
381,SECI,Central REIA,1200,Wind,Wind,ISTS,SECI 1200 MW Wind Tranch-13,,,22-Dec-22,FY 2023,Torrent Power,Torrent,0,3.42,3.42,Not Applicable,,,150,Unsuccessful,No
365,MSEDCL,State,250,ESS/BESS,ESS,ISTS,MSEDCL 250 MW Flexible with ESS + 250 MW under Green Shoe ,,,12-Dec-22,FY 2023,Ayana Renewables Power Private Limited,Ayana,150,9,2.9,LoA issued,,,150,Full Capacity Won,Yes
366,MSEDCL,State,250,ESS/BESS,ESS,ISTS,MSEDCL 250 MW Flexible with ESS + 250 MW under Green Shoe ,,,12-Dec-22,FY 2023,NTPC Renewable Energy Ltd.,NTPC,100,9,2.95,LoA issued,,,250,Partial Capacity Won,Yes
367,MSEDCL,State,250,ESS/BESS,ESS,ISTS,MSEDCL 250 MW Flexible with ESS + 250 MW under Green Shoe ,,,12-Dec-22,FY 2023,HES Infra,HES Infra,0,9.01,2.95,Not Applicable,,,100,Unsuccessful,No
368,MSEDCL,State,250,ESS/BESS,ESS,ISTS,MSEDCL 250 MW Flexible with ESS + 250 MW under Green Shoe ,,,12-Dec-22,FY 2023,Greenko,Greenko,0,9.02,3.1,Not Applicable,,,250,Unsuccessful,No
359,NTPC,Central REIA,500,ESS/BESS,ESS,ISTS,NTPC 500 MW/ 3000 MWh BESS anywhere in India,,,8-Dec-22,FY 2023,Greenko,Greenko,3000,27.9,31.91,e-RA,,,3000,Full Capacity Won,Yes
360,NTPC,Central REIA,500,ESS/BESS,ESS,ISTS,NTPC 500 MW/ 3000 MWh BESS anywhere in India,,,8-Dec-22,FY 2023,HES Infra,HES Infra,0,37.729,37.729,Not Applicable,,,600,Unsuccessful,No
361,NTPC,Central REIA,500,ESS/BESS,ESS,ISTS,NTPC 500 MW/ 3000 MWh BESS anywhere in India,,,8-Dec-22,FY 2023,Indigrid,Indigrid,0,57.066,57.066,Not Applicable,,,600,Unsuccessful,No
362,NTPC,Central REIA,500,ESS/BESS,ESS,ISTS,NTPC 500 MW/ 3000 MWh BESS anywhere in India,,,8-Dec-22,FY 2023,JSW,JSW,0,93.689,93.689,Not Applicable,,,1200,Unsuccessful,No
363,NTPC,Central REIA,500,ESS/BESS,ESS,ISTS,NTPC 500 MW/ 3000 MWh BESS anywhere in India,,,8-Dec-22,FY 2023,Enel Green,ENEL,0,98.323,98.323,Not Applicable,,,600,Unsuccessful,No
364,NTPC,Central REIA,500,ESS/BESS,ESS,ISTS,NTPC 500 MW/ 3000 MWh BESS anywhere in India,,,8-Dec-22,FY 2023,Hinduja,Hinduja,0,100.911,100.911,Not Applicable,,,600,Unsuccessful,No
355,MSEDCL,State,500,Solar,Solar,STU,MSEDCL InSTS 500 MW Solar Ph.9,,,2-Dec-22,FY 2023,SJVN,SJVN,200,2.95,,PPA Signed,,,200,Full Capacity Won,Yes
356,MSEDCL,State,500,Solar,Solar,STU,MSEDCL InSTS 500 MW Solar Ph.9,,,2-Dec-22,FY 2023,Telettutayi Solar Project Eight Pvt. Ltd. (SolarArise),Solar Arise,100,2.9,,PPA Signed,,,100,Full Capacity Won,Yes
357,MSEDCL,State,500,Solar,Solar,STU,MSEDCL InSTS 500 MW Solar Ph.9,,,2-Dec-22,FY 2023,TATA Power,Tata,200,2.97,,PPA Signed,,,300,Partial Capacity Won,Yes
358,MSEDCL,State,500,Solar,Solar,STU,MSEDCL InSTS 500 MW Solar Ph.9,,,2-Dec-22,FY 2023,Sprng,Sprng,0,2.98,,Not Applicable,,,160,Unsuccessful,No
352,TPD,State,255,Hybrid,Hybrid,ISTS,TATA-DDL 255 MW Hybrid + 255 under greenshoe,,,30-Nov-22,FY 2023,Tata,Tata,255,3,3.15,PPA Signed,,,255,Full Capacity Won,Yes
353,TPD,State,255,Hybrid,Hybrid,ISTS,TATA-DDL 255 MW Hybrid + 255 under greenshoe,,,30-Nov-22,FY 2023,Avaada,AVAADA,0,3.01,3.23,Not Applicable,,,255,Unsuccessful,No
354,TPD,State,255,Hybrid,Hybrid,ISTS,TATA-DDL 255 MW Hybrid + 255 under greenshoe,,,30-Nov-22,FY 2023,ReNew,ReNew,0,3.8,3.8,Not Applicable,,,255,Unsuccessful,No
349,RUMSL,State,300,FSPV,FSPV,STU,"RUMSL 300 MW Floating Ph.2, Omkareshwar",,,15-Nov-22,FY 2023,Hinduja,Hinduja,90,3.7,,Tender Anulled,,,90,Full Capacity Won,Yes
350,RUMSL,State,300,FSPV,FSPV,STU,"RUMSL 300 MW Floating Ph.2, Omkareshwar",,,15-Nov-22,FY 2023,NTPC,NTPC,90,3.69,,Tender Anulled,,,90,Full Capacity Won,Yes
351,RUMSL,State,300,FSPV,FSPV,STU,"RUMSL 300 MW Floating Ph.2, Omkareshwar",,,15-Nov-22,FY 2023,SJVN,SJVN,83,3.69,,Tender Anulled,,,83,Full Capacity Won,Yes
338,GUVNL,State,750,Solar,Solar,STU,GUVNL 750 MW Solar Phase XVI + Greenshoe,,,19-Oct-22,FY 2023,Solarcraft (Bluepine),Bluepine,120,2.49,2.49,LoA issued,,,120,Full Capacity Won,Yes
339,GUVNL,State,750,Solar,Solar,STU,GUVNL 750 MW Solar Phase XVI + Greenshoe,,,19-Oct-22,FY 2023,SolareDirect,Engie,200,2.5,2.5,LoA issued,,,200,Full Capacity Won,Yes
340,GUVNL,State,750,Solar,Solar,STU,GUVNL 750 MW Solar Phase XVI + Greenshoe,,,19-Oct-22,FY 2023,Tata,Tata,300,2.65,2.85,LoA issued,,,300,Full Capacity Won,Yes
341,GUVNL,State,750,Solar,Solar,STU,GUVNL 750 MW Solar Phase XVI + Greenshoe,,,19-Oct-22,FY 2023,Uttrakishi Solar (UPC),UPC,130,2.66,2.66,LoA issued,,,280,Partial Capacity Won,Yes
342,GUVNL,State,750,Solar,Solar,STU,GUVNL 750 MW Solar Phase XVI + Greenshoe,,,19-Oct-22,FY 2023,O2 Power,O2 Power,0,2.68,2.68,Not Applicable,,,100,Unsuccessful,No
343,GUVNL,State,750,Solar,Solar,STU,GUVNL 750 MW Solar Phase XVI + Greenshoe,,,19-Oct-22,FY 2023,SJVN,SJVN,0,2.72,2.78,Not Applicable,,,100,Unsuccessful,No
344,GUVNL,State,750,Solar,Solar,STU,GUVNL 750 MW Solar Phase XVI + Greenshoe,,,19-Oct-22,FY 2023,Avaada Energy Pvt. Ltd.,AVAADA,0,2.73,2.73,Not Applicable,,,300,Unsuccessful,No
345,GUVNL,State,750,Solar,Solar,STU,GUVNL 750 MW Solar Phase XVI + Greenshoe,,,19-Oct-22,FY 2023,Sprng,Sprng,0,2.77,2.77,Not Applicable,,,200,Unsuccessful,No
346,GUVNL,State,750,Solar,Solar,STU,GUVNL 750 MW Solar Phase XVI + Greenshoe,,,19-Oct-22,FY 2023,Coal India Ltd.,Coal India,0,2.87,2.87,Not Applicable,,,250,Unsuccessful,No
347,MSEDCL,State,105,FSPV,FSPV,STU,MAHAGENCO 105 MW Floating Solar,,,19-Oct-22,FY 2023,SJVN,SJVN,105,3.93,4.1,e-RA,,,105,Full Capacity Won,Yes
348,MSEDCL,State,105,FSPV,FSPV,STU,MAHAGENCO 105 MW Floating Solar,,,19-Oct-22,FY 2023,Avaada,AVAADA,0,3.94,4.35,Not Applicable,,,105,Unsuccessful,No
331,RUMSL,State,750,Hybrid,Hybrid,STU,RUMSL 750 MW Hybrid (Wind+Solar),,,20-Sep-22,FY 2023,TEQ (O2 Power),O2 Power,90,3.04,3.23,Tender Cancelled,,,200,Partial Capacity Won,Yes
332,RUMSL,State,750,Hybrid,Hybrid,STU,RUMSL 750 MW Hybrid (Wind+Solar),,,20-Sep-22,FY 2023,Renew,Renew,300,3.03,3.06,Tender Cancelled,,,300,Full Capacity Won,Yes
333,RUMSL,State,750,Hybrid,Hybrid,STU,RUMSL 750 MW Hybrid (Wind+Solar),,,20-Sep-22,FY 2023,Sprng,Sprng,160,3.03,3.17,Tender Cancelled,,,160,Full Capacity Won,Yes
334,RUMSL,State,750,Hybrid,Hybrid,STU,RUMSL 750 MW Hybrid (Wind+Solar),,,20-Sep-22,FY 2023,Tata,Tata,200,3.03,3.18,Tender Cancelled,,,200,Full Capacity Won,Yes
335,RUMSL,State,750,Hybrid,Hybrid,STU,RUMSL 750 MW Hybrid (Wind+Solar),,,20-Sep-22,FY 2023,SJVN,SJVN,0,3.04,3.34,Not Applicable,,,100,Unsuccessful,No
336,RUMSL,State,750,Hybrid,Hybrid,STU,RUMSL 750 MW Hybrid (Wind+Solar),,,20-Sep-22,FY 2023,Avaada Energy Pvt. Ltd.,AVAADA,0,3.07,3.19,Not Applicable,,,300,Unsuccessful,No
337,RUMSL,State,750,Hybrid,Hybrid,STU,RUMSL 750 MW Hybrid (Wind+Solar),,,20-Sep-22,FY 2023,Juniper,Juniper,0,3.57,3.57,Not Applicable,,,70,Unsuccessful,No
325,MSEDCL,State,500,Solar,Solar,STU,MSEDCL 500 MW InSTS/ISTS Ph. 8 Solar,,,7-Sep-22,FY 2023,Avaada Energy Pvt. Ltd.,AVAADA,300,2.83,2.85,Tender Cancelled,,,500,Partial Capacity Won,Yes
326,MSEDCL,State,500,Solar,Solar,STU,MSEDCL 500 MW InSTS/ISTS Ph. 8 Solar,,,7-Sep-22,FY 2023,NTPC,NTPC,200,2.82,2.86,Tender Cancelled,,,200,Full Capacity Won,Yes
327,MSEDCL,State,500,Solar,Solar,STU,MSEDCL 500 MW InSTS/ISTS Ph. 8 Solar,,,7-Sep-22,FY 2023,O2 Power,O2 Power,0,2.98,2.98,Not Applicable,,,200,Unsuccessful,No
328,MSEDCL,State,500,Solar,Solar,STU,MSEDCL 500 MW InSTS/ISTS Ph. 8 Solar,,,7-Sep-22,FY 2023,SolarArise,SolarArise,0,3.05,3.05,Not Applicable,,,100,Unsuccessful,No
329,MSEDCL,State,500,Solar,Solar,STU,MSEDCL 500 MW InSTS/ISTS Ph. 8 Solar,,,7-Sep-22,FY 2023,Tata,Tata,0,3.08,3.08,Not Applicable,,,300,Unsuccessful,No
330,MSEDCL,State,500,Solar,Solar,STU,MSEDCL 500 MW InSTS/ISTS Ph. 8 Solar,,,7-Sep-22,FY 2023,Azure,Azure,0,3.09,3.09,Not Applicable,,,300,Unsuccessful,No
317,SECI,Central REIA,500 MW,ESS/BESS,BESS,ISTS,SECI-ESS_1-500 MW/1000 MWh,,,25-Aug-22,FY 2023,JSW Renew Energy Five Limited,JSW,500,10.835,12.605, LoA issued ,,,500,Full Capacity Won,Yes
318,SECI,Central REIA,500 MW,ESS/BESS,BESS,ISTS,SECI-ESS_1-500 MW/1000 MWh,,,25-Aug-22,FY 2023,ACME BARMER SOLAR PRIVATE LIMITED,Acme,0,10.845,12.615,Not Applicable,,,500,Unsuccessful,No
319,SECI,Central REIA,500 MW,ESS/BESS,BESS,ISTS,SECI-ESS_1-500 MW/1000 MWh,,,25-Aug-22,FY 2023,Hartree Partners Singapore Pte. Ltd.,Hartree,0,12.725,12.725,Not Applicable,,,500,Unsuccessful,No
320,SECI,Central REIA,500 MW,ESS/BESS,BESS,ISTS,SECI-ESS_1-500 MW/1000 MWh,,,25-Aug-22,FY 2023,Eden Renewable Vavin Private Limited,Eden,0,14.34,14.34,Not Applicable,,,500,Unsuccessful,No
321,SECI,Central REIA,500 MW,ESS/BESS,BESS,ISTS,SECI-ESS_1-500 MW/1000 MWh,,,25-Aug-22,FY 2023,Sterlite Power Transmission Limited,Sterlite,0,17.75,17.75,Not Applicable,,,500,Unsuccessful,No
322,SECI,Central REIA,500 MW,ESS/BESS,BESS,ISTS,SECI-ESS_1-500 MW/1000 MWh,,,25-Aug-22,FY 2023,NTPC Renewable Energy Limited,NTPC,0,18,18,Not Applicable,,,500,Unsuccessful,No
323,SECI,Central REIA,500 MW,ESS/BESS,BESS,ISTS,SECI-ESS_1-500 MW/1000 MWh,,,25-Aug-22,FY 2023,Renew Solar Power Private Limited,ReNew,0,22.09,22.09,Not Applicable,,,500,Unsuccessful,No
324,SECI,Central REIA,500 MW,ESS/BESS,BESS,ISTS,SECI-ESS_1-500 MW/1000 MWh,,,25-Aug-22,FY 2023,Azure Power Sixty Three Private Limited,Azure,0,22.9,22.9,Not Applicable,,,500,Unsuccessful,No
309,MSEDCL,State,500,Solar,Solar,STU,MSEDCL 500 MW STU Ph. 7 Solar,,,4-Aug-22,FY 2023,Avaada Energy Pvt. Ltd.,AVAADA,25,2.91,2.97,No Info,,,300,Partial Capacity Won,Yes
310,MSEDCL,State,500,Solar,Solar,STU,MSEDCL 500 MW STU Ph. 7 Solar,,,4-Aug-22,FY 2023,Juniper,Juniper,75,2.9,2.97,No Info,,,75,Full Capacity Won,Yes
311,MSEDCL,State,500,Solar,Solar,STU,MSEDCL 500 MW STU Ph. 7 Solar,,,4-Aug-22,FY 2023,SJVN,SJVN,200,2.9,2.94,No Info,,,200,Full Capacity Won,Yes
312,MSEDCL,State,500,Solar,Solar,STU,MSEDCL 500 MW STU Ph. 7 Solar,,,4-Aug-22,FY 2023,SAEL (Sukhbir Agro),SAEL,50,2.91,3.1,No Info,,,50,Full Capacity Won,Yes
313,MSEDCL,State,500,Solar,Solar,STU,MSEDCL 500 MW STU Ph. 7 Solar,,,4-Aug-22,FY 2023,TATA,Tata,150,2.91,3.12,No Info,,,150,Full Capacity Won,Yes
314,MSEDCL,State,500,Solar,Solar,STU,MSEDCL 500 MW STU Ph. 7 Solar,,,4-Aug-22,FY 2023,NTPC,NTPC,0,2.97,2.97,Not Applicable,,,200,Unsuccessful,No
315,MSEDCL,State,500,Solar,Solar,STU,MSEDCL 500 MW STU Ph. 7 Solar,,,4-Aug-22,FY 2023,Solardirect,Solardirect,0,2.97,2.97,Not Applicable,,,75,Unsuccessful,No
316,MSEDCL,State,500,Solar,Solar,STU,MSEDCL 500 MW STU Ph. 7 Solar,,,4-Aug-22,FY 2023,Azure,Azure,0,3.45,3.45,Not Applicable,,,100,Unsuccessful,No
302,GUVNL,State,1000,Wind,Wind,STU,GUVNL 500 MW + 500 under Green Shoe WIND Ph. III,,,15-Jul-22,FY 2023,"GSECL, Gujarat",GESCL,440,2.84,2.84,No info,,,440,Full Capacity Won,Yes
303,GUVNL,State,1000,Wind,Wind,STU,GUVNL 500 MW + 500 under Green Shoe WIND Ph. III,,,15-Jul-22,FY 2023,Rajpur Renewables (EDF),EDF,30,2.9,2.9,No info,,,30,Full Capacity Won,Yes
304,GUVNL,State,1000,Wind,Wind,STU,GUVNL 500 MW + 500 under Green Shoe WIND Ph. III,,,15-Jul-22,FY 2023,Juniper Green,Juniper,70,2.9,2.95,No info,,,70,Full Capacity Won,Yes
305,GUVNL,State,1000,Wind,Wind,STU,GUVNL 500 MW + 500 under Green Shoe WIND Ph. III,,,15-Jul-22,FY 2023,Solarcraft (Blupine),Bluepine,200,2.9,2.96,No info,,,200,Full Capacity Won,Yes
306,GUVNL,State,1000,Wind,Wind,STU,GUVNL 500 MW + 500 under Green Shoe WIND Ph. III,,,15-Jul-22,FY 2023,O2 Power,O2 Power,70,2.9,3.17,No info,,,70,Full Capacity Won,Yes
307,GUVNL,State,1000,Wind,Wind,STU,GUVNL 500 MW + 500 under Green Shoe WIND Ph. III,,,15-Jul-22,FY 2023,ACME,Acme,50,2.9,3.26,No info,,,50,Full Capacity Won,Yes
308,GUVNL,State,1000,Wind,Wind,STU,GUVNL 500 MW + 500 under Green Shoe WIND Ph. III,,,15-Jul-22,FY 2023,Ayana,Ayana,140,2.9,3.27,No info,,,140,Full Capacity Won,Yes
299,GUVNL,State,500,Solar,Solar,STU,GUVNL 500 MW + 500 under Green Shoe Solar Ph. XIV,,,10-Jun-22,FY 2023,Aditya Birla,ABREL,300,2.3,,PPA Signed,,,300,Full Capacity Won,Yes
300,GUVNL,State,500,Solar,Solar,STU,GUVNL 500 MW + 500 under Green Shoe Solar Ph. XIV,,,10-Jun-22,FY 2023,HINDUJA RENEWABLES ENERGY PRIVATE LIMITED,Hinduja,120,2.3,,PPA Signed,,,120,Full Capacity Won,Yes
301,GUVNL,State,500,Solar,Solar,STU,GUVNL 500 MW + 500 under Green Shoe Solar Ph. XIV,,,10-Jun-22,FY 2023,SJVN,SJVN,80,2.31,,PPA Signed,,,200,Partial Capacity Won,Yes
295,SECI,Central REIA,1200,Wind,Wind,ISTS,SECI 1200 MW Wind Trench-13,,,25-May-22,FY 2023,Halvad Renewables Pvt. Ltd.,Halvad Renewables,300,2.93,,PPA Signed,,,300,Full Capacity Won,Yes
296,SECI,Central REIA,1200,Wind,Wind,ISTS,SECI 1200 MW Wind Trench-13,,,25-May-22,FY 2023,JSW neo energy,JSW,300,2.94,,PPA Signed,,,300,Full Capacity Won,Yes
297,SECI,Central REIA,1200,Wind,Wind,ISTS,SECI 1200 MW Wind Trench-13,,,25-May-22,FY 2023,NTPC,NTPC,200,2.89,,PPA Signed,,,200,Full Capacity Won,Yes
298,SECI,Central REIA,1200,Wind,Wind,ISTS,SECI 1200 MW Wind Trench-13,,,25-May-22,FY 2023,Torrent,Torrent,300,2.94,,PPA Signed,,,300,Full Capacity Won,Yes
283,SECI,Central REIA,1200,Hybrid,Hybrid,ISTS,SECI 1200 MW ISTS-connected Wind-Solar Hybrid Power Projects (Tranche-V),,,5-May-22,FY 2023,AMP Energy,Amp,120,2.53,,No Info,,,120,Full Capacity Won,Yes
284,SECI,Central REIA,1200,Hybrid,Hybrid,ISTS,SECI 1200 MW ISTS-connected Wind-Solar Hybrid Power Projects (Tranche-V),,,5-May-22,FY 2023,NTPC Renewable Energy Limited,NTPC,450,2.53,,No Info,,,450,Full Capacity Won,Yes
285,SECI,Central REIA,1200,Hybrid,Hybrid,ISTS,SECI 1200 MW ISTS-connected Wind-Solar Hybrid Power Projects (Tranche-V),,,5-May-22,FY 2023,TP Saurya Limited (TATA),Tata,600,2.53,,No Info,,,600,Full Capacity Won,Yes
286,SECI,Central REIA,1200,Hybrid,Hybrid,ISTS,SECI 1200 MW ISTS-connected Wind-Solar Hybrid Power Projects (Tranche-V),,,5-May-22,FY 2023,SJVN Limited,SJVN,0,2.54,,Not Applicable,,,200,Unsuccessful,No
287,SECI,Central REIA,1200,Hybrid,Hybrid,ISTS,SECI 1200 MW ISTS-connected Wind-Solar Hybrid Power Projects (Tranche-V),,,5-May-22,FY 2023,XL Xergi Power Private Limited,XL Xergi,0,2.54,,Not Applicable,,,400,Unsuccessful,No
288,SECI,Central REIA,1200,Hybrid,Hybrid,ISTS,SECI 1200 MW ISTS-connected Wind-Solar Hybrid Power Projects (Tranche-V),,,5-May-22,FY 2023,Adani,Adani,0,2.55,,Not Applicable,,,600,Unsuccessful,No
289,SECI,Central REIA,1200,Hybrid,Hybrid,ISTS,SECI 1200 MW ISTS-connected Wind-Solar Hybrid Power Projects (Tranche-V),,,5-May-22,FY 2023,Project Eleven Renewable Power Private Limited (AYANA),Ayana,0,2.59,,Not Applicable,,,300,Unsuccessful,No
290,SECI,Central REIA,1200,Hybrid,Hybrid,ISTS,SECI 1200 MW ISTS-connected Wind-Solar Hybrid Power Projects (Tranche-V),,,5-May-22,FY 2023,Eden,Eden,0,2.69,,Not Applicable,,,300,Unsuccessful,No
291,SECI,Central REIA,1200,Hybrid,Hybrid,ISTS,SECI 1200 MW ISTS-connected Wind-Solar Hybrid Power Projects (Tranche-V),,,5-May-22,FY 2023,Azure,Azure,0,2.71,,Not Applicable,,,300,Unsuccessful,No
292,SECI,Central REIA,1200,Hybrid,Hybrid,ISTS,SECI 1200 MW ISTS-connected Wind-Solar Hybrid Power Projects (Tranche-V),,,5-May-22,FY 2023,Hero Solar Energy,Hero,0,2.8,,Not Applicable,,,300,Unsuccessful,No
293,SECI,Central REIA,1200,Hybrid,Hybrid,ISTS,SECI 1200 MW ISTS-connected Wind-Solar Hybrid Power Projects (Tranche-V),,,5-May-22,FY 2023,Power Mech Projects Limited,Power Mech,0,2.87,,Not Applicable,,,50,Unsuccessful,No
294,SECI,Central REIA,1200,Hybrid,Hybrid,ISTS,SECI 1200 MW ISTS-connected Wind-Solar Hybrid Power Projects (Tranche-V),,,5-May-22,FY 2023,ReNew,ReNew,0,2.88,,Not Applicable,,,600,Unsuccessful,No
270,RUMSL,State,300,FSPV,FSPV,STU,"RUMSL 300 MW Floating Ph.1, Omkareshwar",,,4-May-22,FY 2023,Amp Energy,Amp,100,3.21,,PPA Signed,,,100,Full Capacity Won,Yes
271,RUMSL,State,300,FSPV,FSPV,STU,"RUMSL 300 MW Floating Ph.1, Omkareshwar",,,4-May-22,FY 2023,NHDC,NHDC,90,3.22,,PPA Signed,,,90,Full Capacity Won,Yes
272,RUMSL,State,300,FSPV,FSPV,STU,"RUMSL 300 MW Floating Ph.1, Omkareshwar",,,4-May-22,FY 2023,SJVN,SJVN,90,3.26,,PPA Signed,,,90,Full Capacity Won,Yes
273,RUMSL,State,300,FSPV,FSPV,STU,"RUMSL 300 MW Floating Ph.1, Omkareshwar",,,4-May-22,FY 2023,Avaada Energy Pvt. Ltd.,AVAADA,0,4.163,,Not Applicable,,,100,Unsuccessful,No
274,RUMSL,State,300,FSPV,FSPV,STU,"RUMSL 300 MW Floating Ph.1, Omkareshwar",,,4-May-22,FY 2023,Adani Renewables,Adani,0,4.29,,Not Applicable,,,100,Unsuccessful,No
275,RUMSL,State,300,FSPV,FSPV,STU,"RUMSL 300 MW Floating Ph.1, Omkareshwar",,,4-May-22,FY 2023,ABREL (Aditya Birla),Aditya Birla,0,3.93,,Not Applicable,,,100,Unsuccessful,No
276,RUMSL,State,300,FSPV,FSPV,STU,"RUMSL 300 MW Floating Ph.1, Omkareshwar",,,4-May-22,FY 2023,NTPC,NTPC,0,3.463,,Not Applicable,,,100,Unsuccessful,No
277,RUMSL,State,300,FSPV,FSPV,STU,"RUMSL 300 MW Floating Ph.1, Omkareshwar",,,4-May-22,FY 2023,O2 Power,O2 Power,0,4.12,,Not Applicable,,,100,Unsuccessful,No
278,RUMSL,State,300,FSPV,FSPV,STU,"RUMSL 300 MW Floating Ph.1, Omkareshwar",,,4-May-22,FY 2023,Tata Power,Tata,0,3.573,,Not Applicable,,,100,Unsuccessful,No
279,RUMSL,State,300,FSPV,FSPV,STU,"RUMSL 300 MW Floating Ph.1, Omkareshwar",,,4-May-22,FY 2023,Hinduja Renewables,Hinduja,0,3.933,,Not Applicable,,,100,Unsuccessful,No
280,RUMSL,State,300,FSPV,FSPV,STU,"RUMSL 300 MW Floating Ph.1, Omkareshwar",,,4-May-22,FY 2023,Enel Green,ENEL,0,3.963,,Not Applicable,,,100,Unsuccessful,No
281,RUMSL,State,300,FSPV,FSPV,STU,"RUMSL 300 MW Floating Ph.1, Omkareshwar",,,4-May-22,FY 2023,Phelan Energy,Phelan,0,3.54,,Not Applicable,,,100,Unsuccessful,No
282,RUMSL,State,300,FSPV,FSPV,STU,"RUMSL 300 MW Floating Ph.1, Omkareshwar",,,4-May-22,FY 2023,Power Mech Projects Ltd.,Power Mech,0,4.4,,Not Applicable,,,100,Unsuccessful,No
258,GUVNL,State,500,Solar,Solar,STU,GUVNL 500 MW Solar Ph. XIII,,,16-Mar-22,FY 2022,SolarXL ALPHA ENERGY PRIVATE LIMITED (FORTUM),Fortum,200,2.29,2.41,PPA signed,,,200,Full Capacity Won,Yes
259,GUVNL,State,500,Solar,Solar,STU,GUVNL 500 MW Solar Ph. XIII,,,16-Mar-22,FY 2022,HINDUJA RENEWABLES ENERGY PRIVATE LIMITED,Hinduja,120,2.29,2.39,PPA signed,,,240,Partial Capacity Won,Yes
260,GUVNL,State,500,Solar,Solar,STU,GUVNL 500 MW Solar Ph. XIII,,,16-Mar-22,FY 2022,SJVN LIMITED,SJVN,100,2.29,2.58,PPA signed,,,100,Full Capacity Won,Yes
261,GUVNL,State,500,Solar,Solar,STU,GUVNL 500 MW Solar Ph. XIII,,,16-Mar-22,FY 2022,AMSA SOLAR ENERGY PRIVATE LIMITED (UPC),UPC,80,2.29,2.39,PPA signed,,,80,Full Capacity Won,Yes
262,GUVNL,State,500,Solar,Solar,STU,GUVNL 500 MW Solar Ph. XIII,,,16-Mar-22,FY 2022,ReNew Solar Power Private Limited,ReNew,0,2.45,2.3,Not Applicable,,,150,Unsuccessful,No
263,GUVNL,State,500,Solar,Solar,STU,GUVNL 500 MW Solar Ph. XIII,,,16-Mar-22,FY 2022,PROJECT NINE RENEWABLE POWER PRIVATE LIMITED (AYANA),Ayana,0,2.48,2.39,Not Applicable,,,150,Unsuccessful,No
264,GUVNL,State,500,Solar,Solar,STU,GUVNL 500 MW Solar Ph. XIII,,,16-Mar-22,FY 2022,ABREL SPV 2 LIMITED (Aditya Birla),Aditya Birla,0,2.42,2.42,Not Applicable,,,180,Unsuccessful,No
265,GUVNL,State,500,Solar,Solar,STU,GUVNL 500 MW Solar Ph. XIII,,,16-Mar-22,FY 2022,IB VOGT SINGAPORE PTE LTD,IB Vogt,0,2.43,2.43,Not Applicable,,,200,Unsuccessful,No
266,GUVNL,State,500,Solar,Solar,STU,GUVNL 500 MW Solar Ph. XIII,,,16-Mar-22,FY 2022,COAL INDIA LIMITED,Coal India,0,2.45,2.45,Not Applicable,,,500,Unsuccessful,No
267,GUVNL,State,500,Solar,Solar,STU,GUVNL 500 MW Solar Ph. XIII,,,16-Mar-22,FY 2022,TERA RENEWABLES INDIA PRIVATE LIMITED,Tera,0,2.45,2.45,Not Applicable,,,70,Unsuccessful,No
268,GUVNL,State,500,Solar,Solar,STU,GUVNL 500 MW Solar Ph. XIII,,,16-Mar-22,FY 2022,AZURE POWER SIXTY ONE PRIVATE LIMITED,Azure,0,2.53,2.53,Not Applicable,,,100,Unsuccessful,No
269,GUVNL,State,500,Solar,Solar,STU,GUVNL 500 MW Solar Ph. XIII,,,16-Mar-22,FY 2022,Avaada Energy Pvt. Ltd.,AVAADA,0,2.56,2.56,Not Applicable,,,300,Unsuccessful,No
256,SECI,Central REIA,1200,Solar,Solar,ISTS,SECI 1200 MW ISTS Karnataka (ISTS-X) - Gadag,,,4-Feb-22,FY 2022,Project Eight Renewable Power Pvt. Ltd. (AYANA),Ayana,300,2.35,,LoA Issued,,,300,Full Capacity Won,Yes
257,SECI,Central REIA,600,Solar,Solar,ISTS,SECI 1200 MW ISTS Karnataka (ISTS-X) - Gadag,,,4-Feb-22,FY 2022,SolarOne Energy Pvt. Ltd. (FORTUM),Fortum,300,2.36,,LoA Issued,,,400,Partial Capacity Won,Yes
245,SECI,Central REIA,1200,Solar,Solar,ISTS,SECI 1200 MW ISTS Karnataka (ISTS-X) - Koppal,,,2-Feb-22,FY 2022,Project Eight Renewable Power Pvt. Ltd. (AYANA),Ayana,300,2.36,,LoA Issued,,,300,Full Capacity Won,Yes
246,SECI,Central REIA,1200,Solar,Solar,ISTS,SECI 1200 MW ISTS Karnataka (ISTS-X) - Koppal,,,2-Feb-22,FY 2022,SolarOne Energy Pvt. Ltd. (FORTUM),Fortum,300,2.37,,LoA Issued,,,400,Partial Capacity Won,Yes
247,SECI,Central REIA,1200,Solar,Solar,ISTS,SECI 1200 MW ISTS Karnataka (ISTS-X) - Koppal,,,2-Feb-22,FY 2022,Renew Solar Power Pvt. Ltd.,ReNew,0,2.39,,Not Applicable,,,300,Unsuccessful,No
248,SECI,Central REIA,1200,Solar,Solar,ISTS,SECI 1200 MW ISTS Karnataka (ISTS-X) - Koppal,,,2-Feb-22,FY 2022,TP Saurya Ltd. (TATA Power),Tata,0,2.65,,Not Applicable,,,600,Unsuccessful,No
249,SECI,Central REIA,1200,Solar,Solar,ISTS,SECI 1200 MW ISTS Karnataka (ISTS-X) - Koppal,,,2-Feb-22,FY 2022,NLC India,NLC,0,2.71,,Not Applicable,,,300,Unsuccessful,No
250,SECI,Central REIA,1200,Solar,Solar,ISTS,SECI 1200 MW ISTS Karnataka (ISTS-X) - Koppal,,,2-Feb-22,FY 2022,Adani Renewable Energy One Ltd.,Adani,0,2.72,,Not Applicable,,,300,Unsuccessful,No
251,SECI,Central REIA,1200,Solar,Solar,ISTS,SECI 1200 MW ISTS Karnataka (ISTS-X) - Koppal,,,2-Feb-22,FY 2022,Coal India Ltd.,Coal India,0,2.85,,Not Applicable,,,600,Unsuccessful,No
252,SECI,Central REIA,1200,Solar,Solar,ISTS,SECI 1200 MW ISTS Karnataka (ISTS-X),,,2-Feb-22,FY 2022,Renew Solar Power Pvt. Ltd.,ReNew,0,2.37,,Not Applicable,,,300,Unsuccessful,No
253,SECI,Central REIA,1200,Solar,Solar,ISTS,SECI 1200 MW ISTS Karnataka (ISTS-X),,,2-Feb-22,FY 2022,TP Saurya Ltd. (TATA Power),Tata,0,2.65,,Not Applicable,,,600,Unsuccessful,No
254,SECI,Central REIA,1200,Solar,Solar,ISTS,SECI 1200 MW ISTS Karnataka (ISTS-X),,,2-Feb-22,FY 2022,AMP Energy Green Pvt. Ltd.,Amp,0,2.47,,Not Applicable,,,230,Unsuccessful,No
255,SECI,Central REIA,1200,Solar,Solar,ISTS,SECI 1200 MW ISTS Karnataka (ISTS-X),,,2-Feb-22,FY 2022,Adani Renewable Energy One Ltd.,Adani,0,2.72,,Not Applicable,,,300,Unsuccessful,No
230,SECI,Central REIA,1785,Solar,Solar,ISTS,SECI 1785MW Solar - RJ,,,24-Dec-21,FY 2022,ACME,Acme,375,2.18,,PPA Signed,,,1785,Partial Capacity Won,Yes
231,SECI,Central REIA,1785,Solar,Solar,ISTS,SECI 1785MW Solar - RJ,,,24-Dec-21,FY 2022,Metka ENG singapore holdings,Metka,20,2.17,,PPA Cancelled/Not Awarded,,,20,Full Capacity Won,Yes
232,SECI,Central REIA,1785,Solar,Solar,ISTS,SECI 1785MW Solar - RJ,,,24-Dec-21,FY 2022,NTPC,NTPC,500,2.17,,PPA Signed,,,500,Full Capacity Won,Yes
233,SECI,Central REIA,1785,Solar,Solar,ISTS,SECI 1785MW Solar - RJ,,,24-Dec-21,FY 2022,Renew,Renew,600,2.18,,PPA Signed,,,600,Full Capacity Won,Yes
234,SECI,Central REIA,1785,Solar,Solar,ISTS,SECI 1785MW Solar - RJ,,,24-Dec-21,FY 2022,Sprng,Sprng,200,2.17,,PPA Signed,,,200,Full Capacity Won,Yes
235,SECI,Central REIA,1785,Solar,Solar,ISTS,SECI 1785MW Solar - RJ,,,24-Dec-21,FY 2022,Calpine Subsico (SPV of UPC Renewables),UPC,90,2.17,,PPA Signed,,,90,Full Capacity Won,Yes
236,SECI,Central REIA,1785,Solar,Solar,ISTS,SECI 1785MW Solar - RJ,,,24-Dec-21,FY 2022,O2 Power,O2 Power,0,2.2,,Not Applicable,,,600,Unsuccessful,No
237,SECI,Central REIA,1785,Solar,Solar,ISTS,SECI 1785MW Solar - RJ,,,24-Dec-21,FY 2022,NLC India,NLC,0,2.28,,Not Applicable,,,250,Unsuccessful,No
238,SECI,Central REIA,1785,Solar,Solar,ISTS,SECI 1785MW Solar - RJ,,,24-Dec-21,FY 2022,Tata Power,Tata,0,2.48,,Not Applicable,,,600,Unsuccessful,No
239,SECI,Central REIA,1785,Solar,Solar,ISTS,SECI 1785MW Solar - RJ,,,24-Dec-21,FY 2022,ABREL,Aditya Birla,0,2.52,,Not Applicable,,,170,Unsuccessful,No
240,SECI,Central REIA,1785,Solar,Solar,ISTS,SECI 1785MW Solar - RJ,,,24-Dec-21,FY 2022,Talettuiyayi Solar,Talettuiyayi Solar,0,2.53,,Not Applicable,,,100,Unsuccessful,No
241,SECI,Central REIA,1785,Solar,Solar,ISTS,SECI 1785MW Solar - RJ,,,24-Dec-21,FY 2022,Adani Green,Adani,0,2.55,,Not Applicable,,,600,Unsuccessful,No
242,SECI,Central REIA,1785,Solar,Solar,ISTS,SECI 1785MW Solar - RJ,,,24-Dec-21,FY 2022,Torrent,Torrent,0,2.59,,Not Applicable,,,150,Unsuccessful,No
243,SECI,Central REIA,1785,Solar,Solar,ISTS,SECI 1785MW Solar - RJ,,,24-Dec-21,FY 2022,Azure,Azure,0,2.66,,Not Applicable,,,300,Unsuccessful,No
244,SECI,Central REIA,1785,Solar,Solar,ISTS,SECI 1785MW Solar - RJ,,,24-Dec-21,FY 2022,TEPSOL SAUR Urja,TEPSOL,0,2.69,,Not Applicable,,,300,Unsuccessful,No
215,RUMSL,State,550,Solar,Solar,STU,RUMSL 550MW Agar Solar Park,,,7-Dec-21,FY 2022,Avaada power,AVAADA,200,2.46,,PPA Signed,,,550,Partial Capacity Won,Yes
216,RUMSL,State,550,Solar,Solar,STU,RUMSL 550MW Agar Solar Park,,,7-Dec-21,FY 2022,O2 Power (Beempow),O2 Power,350,2.44,,PPA Signed,,,550,Partial Capacity Won,Yes
217,RUMSL,State,550,Solar,Solar,STU,RUMSL 550MW Agar Solar Park,,,7-Dec-21,FY 2022,Renew,Renew,0,2.74,,Not Applicable,,,550,Unsuccessful,No
218,RUMSL,State,550,Solar,Solar,STU,RUMSL 550MW Agar Solar Park,,,7-Dec-21,FY 2022,Sprng,Sprng,0,2.747,,Not Applicable,,,550,Unsuccessful,No
219,RUMSL,State,550,Solar,Solar,STU,RUMSL 550MW Agar Solar Park,,,7-Dec-21,FY 2022,Acme,Acme,0,2.85,,Not Applicable,,,550,Unsuccessful,No
220,RUMSL,State,550,Solar,Solar,STU,RUMSL 550MW Agar Solar Park,,,7-Dec-21,FY 2022,Ayana,Ayana,0,2.853,,Not Applicable,,,550,Unsuccessful,No
221,RUMSL,State,550,Solar,Solar,STU,RUMSL 550MW Agar Solar Park,,,7-Dec-21,FY 2022,Azure,Azure,0,2.88,,Not Applicable,,,550,Unsuccessful,No
222,RUMSL,State,550,Solar,Solar,STU,RUMSL 550MW Agar Solar Park,,,7-Dec-21,FY 2022,Avaada,AVAADA,0,2.893,,Not Applicable,,,550,Unsuccessful,No
223,RUMSL,State,550,Solar,Solar,STU,RUMSL 550MW Agar Solar Park,,,7-Dec-21,FY 2022,Aditya Birla,Aditya Birla,0,2.94,,Not Applicable,,,550,Unsuccessful,No
224,RUMSL,State,550,Solar,Solar,STU,RUMSL 550MW Agar Solar Park,,,7-Dec-21,FY 2022,O2 Power,O2 Power,0,2.96,,Not Applicable,,,550,Unsuccessful,No
225,RUMSL,State,550,Solar,Solar,STU,RUMSL 550MW Agar Solar Park,,,7-Dec-21,FY 2022,Torrent,Torrent,0,2.99,,Not Applicable,,,550,Unsuccessful,No
226,RUMSL,State,550,Solar,Solar,STU,RUMSL 550MW Agar Solar Park,,,7-Dec-21,FY 2022,Gail,Gail,0,2.993,,Not Applicable,,,550,Unsuccessful,No
227,RUMSL,State,550,Solar,Solar,STU,RUMSL 550MW Agar Solar Park,,,7-Dec-21,FY 2022,NTPC,NTPC,0,3.053,,Not Applicable,,,550,Unsuccessful,No
228,RUMSL,State,550,Solar,Solar,STU,RUMSL 550MW Agar Solar Park,,,7-Dec-21,FY 2022,SJVN,SJVN,0,3.38,,Not Applicable,,,550,Unsuccessful,No
229,RUMSL,State,550,Solar,Solar,STU,RUMSL 550MW Agar Solar Park,,,7-Dec-21,FY 2022,NHDC,NHDC,0,3.427,,Not Applicable,,,550,Unsuccessful,No
200,RUMSL,State,500,Solar,Solar,STU,RUMSL 500MW Neemuch Solar Park,,,8-Nov-21,FY 2022,Aljiomaih,Al-Jomaih,170,2.15,,PPA Signed,,,500,Partial Capacity Won,Yes
201,RUMSL,State,500,Solar,Solar,STU,RUMSL 500MW Neemuch Solar Park,,,8-Nov-21,FY 2022,Tata Power (TP Saurya),Tata,330,2.14,,PPA Signed,,,500,Partial Capacity Won,Yes
202,RUMSL,State,500,Solar,Solar,STU,RUMSL 500MW Neemuch Solar Park,,,8-Nov-21,FY 2022,Renew,Renew,0,2.39,,Not Applicable,,,500,Unsuccessful,No
203,RUMSL,State,500,Solar,Solar,STU,RUMSL 500MW Neemuch Solar Park,,,8-Nov-21,FY 2022,Sprng,Sprng,0,2.4,,Not Applicable,,,500,Unsuccessful,No
204,RUMSL,State,500,Solar,Solar,STU,RUMSL 500MW Neemuch Solar Park,,,8-Nov-21,FY 2022,Acme,Acme,0,2.453,,Not Applicable,,,500,Unsuccessful,No
205,RUMSL,State,500,Solar,Solar,STU,RUMSL 500MW Neemuch Solar Park,,,8-Nov-21,FY 2022,Ayana,Ayana,0,2.48,,Not Applicable,,,500,Unsuccessful,No
206,RUMSL,State,500,Solar,Solar,STU,RUMSL 500MW Neemuch Solar Park,,,8-Nov-21,FY 2022,Azure,Azure,0,2.54,,Not Applicable,,,500,Unsuccessful,No
207,RUMSL,State,500,Solar,Solar,STU,RUMSL 500MW Neemuch Solar Park,,,8-Nov-21,FY 2022,Avaada,AVAADA,0,2.593,,Not Applicable,,,500,Unsuccessful,No
208,RUMSL,State,500,Solar,Solar,STU,RUMSL 500MW Neemuch Solar Park,,,8-Nov-21,FY 2022,Aditya Birla,Aditya Birla,0,2.6,,Not Applicable,,,500,Unsuccessful,No
209,RUMSL,State,500,Solar,Solar,STU,RUMSL 500MW Neemuch Solar Park,,,8-Nov-21,FY 2022,O2 Power,O2 Power,0,2.64,,Not Applicable,,,500,Unsuccessful,No
210,RUMSL,State,500,Solar,Solar,STU,RUMSL 500MW Neemuch Solar Park,,,8-Nov-21,FY 2022,Torrent,Torrent,0,2.73,,Not Applicable,,,500,Unsuccessful,No
211,RUMSL,State,500,Solar,Solar,STU,RUMSL 500MW Neemuch Solar Park,,,8-Nov-21,FY 2022,Gail,Gail,0,2.75,,Not Applicable,,,500,Unsuccessful,No
212,RUMSL,State,500,Solar,Solar,STU,RUMSL 500MW Neemuch Solar Park,,,8-Nov-21,FY 2022,NTPC,NTPC,0,2.763,,Not Applicable,,,500,Unsuccessful,No
213,RUMSL,State,500,Solar,Solar,STU,RUMSL 500MW Neemuch Solar Park,,,8-Nov-21,FY 2022,SJVN,SJVN,0,2.8,,Not Applicable,,,500,Unsuccessful,No
214,RUMSL,State,500,Solar,Solar,STU,RUMSL 500MW Neemuch Solar Park,,,8-Nov-21,FY 2022,NHDC,NHDC,0,3.137,,Not Applicable,,,500,Unsuccessful,No
197,MSEDCL,State,300,Wind,Wind,STU,MSEDCL 300MW Wind,,,29-Oct-21,FY 2022,Adani Green,Adani,120,3.44,,No Info,,,300,Partial Capacity Won,Yes
198,MSEDCL,State,300,Wind,Wind,STU,MSEDCL 300MW Wind,,,29-Oct-21,FY 2022,Azure Power,Azure,180,3.43,,No Info,,,180,Full Capacity Won,Yes
199,MSEDCL,State,300,Wind,Wind,STU,MSEDCL 300MW Wind,,,29-Oct-21,FY 2022,Power Mech Projects Limited,Power Mech,0,3.47,,Not Applicable,,,25,Unsuccessful,No
192,PSPCL,State,250,Solar,Solar,ISTS,PSPCL,,,26-Oct-21,FY 2022,Adani,Adani,150,2.34,,PPA Signed,,,250,Partial Capacity Won,Yes
193,PSPCL,State,250,Solar,Solar,ISTS,PSPCL,,,26-Oct-21,FY 2022,Renew Power,Renew,100,2.33,,PPA Signed,,,100,Full Capacity Won,Yes
194,PSPCL,State,250,Solar,Solar,ISTS,PSPCL,,,26-Oct-21,FY 2022,TP Saurya,TP Saurya,0,2.49,,Not Applicable,,,250,Unsuccessful,No
195,PSPCL,State,250,Solar,Solar,ISTS,PSPCL,,,26-Oct-21,FY 2022,SJVN Limited,SJVN,0,2.49,,Not Applicable,,,100,Unsuccessful,No
196,PSPCL,State,250,Solar,Solar,ISTS,PSPCL,,,26-Oct-21,FY 2022,NTPC,NTPC,0,2.49,,Not Applicable,,,250,Unsuccessful,No
177,SECI,Central REIA,2500,RTC/FDRE,RTC,ISTS,SECI RTC-II 2500MW,,,14-Oct-21,FY 2022,Greenko,Greenko,1001,3.18,,No info,,,1001,Full Capacity Won,Yes
178,SECI,Central REIA,2500,RTC/FDRE,RTC,ISTS,SECI RTC-II 2500MW,,,14-Oct-21,FY 2022,Hindustan Thermal Projects Limited,Hindustan Thermal,250,3.01,,No info,,,250,Full Capacity Won,Yes
179,SECI,Central REIA,2500,RTC/FDRE,RTC,ISTS,SECI RTC-II 2500MW,,,14-Oct-21,FY 2022,JSW,JSW,99,3.45,,No info,,,600,Partial Capacity Won,Yes
180,SECI,Central REIA,2500,RTC/FDRE,RTC,ISTS,SECI RTC-II 2500MW,,,14-Oct-21,FY 2022,Power Mech Projects Limited,Power Mech,550,3.3,,No info,,,550,Full Capacity Won,Yes
181,SECI,Central REIA,2500,RTC/FDRE,RTC,ISTS,SECI RTC-II 2500MW,,,14-Oct-21,FY 2022,Renew Power,Renew,400,3.19,,No info,,,400,Full Capacity Won,Yes
182,SECI,Central REIA,2500,RTC/FDRE,RTC,ISTS,SECI RTC-II 2500MW,,,14-Oct-21,FY 2022,Techno Electric and Engineering Company Limited,Techno Electric,0,3.45,,Not Applicable,,,500,Unsuccessful,No
183,SECI,Central REIA,2500,RTC/FDRE,RTC,ISTS,SECI RTC-II 2500MW,,,14-Oct-21,FY 2022,Navayuga Engineering Company Limited,Navayuga Engg.,0,3.46,,Not Applicable,,,1400,Unsuccessful,No
184,SECI,Central REIA,2500,RTC/FDRE,RTC,ISTS,SECI RTC-II 2500MW,,,14-Oct-21,FY 2022,Apar Industries Limited,Apar Industries,0,3.47,,Not Applicable,,,850,Unsuccessful,No
185,SECI,Central REIA,2500,RTC/FDRE,RTC,ISTS,SECI RTC-II 2500MW,,,14-Oct-21,FY 2022,Avaada Energy,AVAADA,0,3.59,,Not Applicable,,,250,Unsuccessful,No
186,SECI,Central REIA,2500,RTC/FDRE,RTC,ISTS,SECI RTC-II 2500MW,,,14-Oct-21,FY 2022,Green Infra (Sempcorb),Sembcorp,0,3.81,,Not Applicable,,,300,Unsuccessful,No
187,SECI,Central REIA,2500,RTC/FDRE,RTC,ISTS,SECI RTC-II 2500MW,,,14-Oct-21,FY 2022,Adani,Adani,0,3.82,,Not Applicable,,,2500,Unsuccessful,No
188,SECI,Central REIA,2500,RTC/FDRE,RTC,ISTS,SECI RTC-II 2500MW,,,14-Oct-21,FY 2022,Shirdi Sai,Shirdi Sai,0,3.83,,Not Applicable,,,250,Unsuccessful,No
189,SECI,Central REIA,2500,RTC/FDRE,RTC,ISTS,SECI RTC-II 2500MW,,,14-Oct-21,FY 2022,Montecarlo Limited,MonteCarlo,0,4.45,,Not Applicable,,,700,Unsuccessful,No
190,SECI,Central REIA,2500,RTC/FDRE,RTC,ISTS,SECI RTC-II 2500MW,,,14-Oct-21,FY 2022,Ashoka Buildcon,Ashoka Buildcon,0,4.51,,Not Applicable,,,1400,Unsuccessful,No
191,SECI,Central REIA,2500,RTC/FDRE,RTC,ISTS,SECI RTC-II 2500MW,,,14-Oct-21,FY 2022,HG Infra Engineering ,H G Infra,0,4.56,,Not Applicable,,,650,Unsuccessful,No
171,IREDA,State,5000,Solar,Solar,ISTS,IREDA CPSU Scheme Bids,,,23-Sep-21,FY 2022,IRCON International Limited,IRCON,500,2.45,,PPA Signed,,,500,Full Capacity Won,Yes
172,IREDA,State,5000,Solar,Solar,ISTS,IREDA CPSU Scheme Bids,,,23-Sep-21,FY 2022,NHPC Limited,NHPC,1000,2.45,,PPA Signed,,,1000,Full Capacity Won,Yes
173,IREDA,State,5000,Solar,Solar,ISTS,IREDA CPSU Scheme Bids,,,23-Sep-21,FY 2022,NLC India Limited,NLC,510,2.45,,PPA Signed,,,510,Full Capacity Won,Yes
174,IREDA,State,5000,Solar,Solar,ISTS,IREDA CPSU Scheme Bids,,,23-Sep-21,FY 2022,NTPC Limited,NTPC,2500,2.45,,PPA Signed,,,2500,Full Capacity Won,Yes
175,IREDA,State,5000,Solar,Solar,ISTS,IREDA CPSU Scheme Bids,,,23-Sep-21,FY 2022,SECI,SECI,200,3.45,,PPA Signed,,,200,Full Capacity Won,Yes
176,IREDA,State,5000,Solar,Solar,ISTS,IREDA CPSU Scheme Bids,,,23-Sep-21,FY 2022,SJVN Limited,SJVN,1000,2.45,,PPA Signed,,,1000,Full Capacity Won,Yes
166,MSEDCL,State,500,Hybrid,Hybrid,STU,MSEDCL 500MW Wind-Solar Hybrid,,,7-Sep-21,FY 2022,Azure,Azure,200,2.62,,PPA Signed,,,500,Partial Capacity Won,Yes
167,MSEDCL,State,500,Hybrid,Hybrid,STU,MSEDCL 500MW Wind-Solar Hybrid,,,7-Sep-21,FY 2022,Tata,Tata,300,2.62,,PPA Signed,,,300,Full Capacity Won,Yes
168,MSEDCL,State,500,Hybrid,Hybrid,STU,MSEDCL 500MW Wind-Solar Hybrid,,,7-Sep-21,FY 2022,Renew Power,Renew,0,2.64,,Not Applicable,,,500,Unsuccessful,No
169,MSEDCL,State,500,Hybrid,Hybrid,STU,MSEDCL 500MW Wind-Solar Hybrid,,,7-Sep-21,FY 2022,Cyclic Energy Private Limited (O2),O2 Power,0,2.84,,Not Applicable,,,500,Unsuccessful,No
170,MSEDCL,State,500,Hybrid,Hybrid,STU,MSEDCL 500MW Wind-Solar Hybrid,,,7-Sep-21,FY 2022,JSW ,JSW,0,3.41,,Not Applicable,,,250,Unsuccessful,No
155,SECI,Central REIA,1200,Hybrid,Hybrid,ISTS,SECI 1200MW Hybrid Tender (Tranche IV),,,23-Aug-21,FY 2022,Project Ten Renewables Power Priavte Limited (Ayana),Ayana,450,2.34,,PPA Signed,,,450,Full Capacity Won,Yes
156,SECI,Central REIA,1200,Hybrid,Hybrid,ISTS,SECI 1200MW Hybrid Tender (Tranche IV),,,23-Aug-21,FY 2022,Azure,Azure,150,2.35,,PPA Signed,,,300,Partial Capacity Won,Yes
157,SECI,Central REIA,1200,Hybrid,Hybrid,ISTS,SECI 1200MW Hybrid Tender (Tranche IV),,,23-Aug-21,FY 2022,NLC India Limited,NLC,150,2.34,,PPA Signed,,,150,Full Capacity Won,Yes
158,SECI,Central REIA,1200,Hybrid,Hybrid,ISTS,SECI 1200MW Hybrid Tender (Tranche IV),,,23-Aug-21,FY 2022,NTPC Limited,NTPC,450,2.34,,PPA Signed,,,450,Full Capacity Won,Yes
159,SECI,Central REIA,1200,Hybrid,Hybrid,ISTS,SECI 1200MW Hybrid Tender (Tranche IV),,,23-Aug-21,FY 2022,Renew,Renew,0,2.35,,Not Applicable,,,450,Unsuccessful,No
160,SECI,Central REIA,1200,Hybrid,Hybrid,ISTS,SECI 1200MW Hybrid Tender (Tranche IV),,,23-Aug-21,FY 2022,Hero Futures,Hero,0,2.4,,Not Applicable,,,250,Unsuccessful,No
161,SECI,Central REIA,1200,Hybrid,Hybrid,ISTS,SECI 1200MW Hybrid Tender (Tranche IV),,,23-Aug-21,FY 2022,Adani Renewables,Adani,0,2.41,,Not Applicable,,,600,Unsuccessful,No
162,SECI,Central REIA,1200,Hybrid,Hybrid,ISTS,SECI 1200MW Hybrid Tender (Tranche IV),,,23-Aug-21,FY 2022,AMP Energy,Amp,0,2.45,,Not Applicable,,,120,Unsuccessful,No
163,SECI,Central REIA,1200,Hybrid,Hybrid,ISTS,SECI 1200MW Hybrid Tender (Tranche IV),,,23-Aug-21,FY 2022,O2 Power,O2 Power,0,2.47,,Not Applicable,,,400,Unsuccessful,No
164,SECI,Central REIA,1200,Hybrid,Hybrid,ISTS,SECI 1200MW Hybrid Tender (Tranche IV),,,23-Aug-21,FY 2022,Evergreen Renewables,Ever Green,0,2.52,,Not Applicable,,,150,Unsuccessful,No
165,SECI,Central REIA,1200,Hybrid,Hybrid,ISTS,SECI 1200MW Hybrid Tender (Tranche IV),,,23-Aug-21,FY 2022,Avaada Energy,AVAADA,0,2.62,,Not Applicable,,,250,Unsuccessful,No
151,BREDA,State,250,Solar,Solar,STU,BREDA 250MW Solar Tender,,,13-Aug-21,FY 2022,Avaada ,AVAADA,50,3.11,,PPA Signed,,,50,Full Capacity Won,Yes
152,BREDA,State,250,Solar,Solar,STU,BREDA 250MW Solar Tender,,,13-Aug-21,FY 2022,SJVN,SJVN,200,3.11,,PPA Signed,,,200,Full Capacity Won,Yes
153,BREDA,State,250,Solar,Solar,STU,BREDA 250MW Solar Tender,,,13-Aug-21,FY 2022,NTPC Limited,NTPC,0,3.48,,Not Applicable,,,150,Unsuccessful,No
154,BREDA,State,250,Solar,Solar,STU,BREDA 250MW Solar Tender,,,13-Aug-21,FY 2022,Sukhbir Agro,SAEL,0,3.5,,Not Applicable,,,25,Unsuccessful,No
136,RUMSL,State,450,Solar,Solar,STU,RUMSL 450MW Shajapur Solar Park,,,19-Jul-21,FY 2022,NTPC Renewables,NTPC,325,2.35,,PPA Signed,,,325,Full Capacity Won,Yes
137,RUMSL,State,450,Solar,Solar,STU,RUMSL 450MW Shajapur Solar Park,,,19-Jul-21,FY 2022,Solar Arise (Talettutayi),Solar Arise,125,2.33,,PPA Signed,,,125,Full Capacity Won,Yes
138,RUMSL,State,450,Solar,Solar,STU,RUMSL 450MW Shajapur Solar Park,,,19-Jul-21,FY 2022,Tata Power (TP Saurya),Tata,0,2.74,,Not Applicable,,,450,Unsuccessful,No
139,RUMSL,State,450,Solar,Solar,STU,RUMSL 450MW Shajapur Solar Park,,,19-Jul-21,FY 2022,Renew Power,Renew,0,2.747,,Not Applicable,,,450,Unsuccessful,No
140,RUMSL,State,450,Solar,Solar,STU,RUMSL 450MW Shajapur Solar Park,,,19-Jul-21,FY 2022,SJVN Limited,SJVN,0,2.85,,Not Applicable,,,450,Unsuccessful,No
141,RUMSL,State,450,Solar,Solar,STU,RUMSL 450MW Shajapur Solar Park,,,19-Jul-21,FY 2022,Avaada,AVAADA,0,2.853,,Not Applicable,,,450,Unsuccessful,No
142,RUMSL,State,450,Solar,Solar,STU,RUMSL 450MW Shajapur Solar Park,,,19-Jul-21,FY 2022,O2 Power (Beempow),O2 Power,0,2.88,,Not Applicable,,,450,Unsuccessful,No
143,RUMSL,State,450,Solar,Solar,STU,RUMSL 450MW Shajapur Solar Park,,,19-Jul-21,FY 2022,Torrent Power Limited,Torrent,0,2.893,,Not Applicable,,,450,Unsuccessful,No
144,RUMSL,State,450,Solar,Solar,STU,RUMSL 450MW Shajapur Solar Park,,,19-Jul-21,FY 2022,Ayana Renewables,Ayana,0,2.94,,Not Applicable,,,450,Unsuccessful,No
145,RUMSL,State,450,Solar,Solar,STU,RUMSL 450MW Shajapur Solar Park,,,19-Jul-21,FY 2022,Aljiomaih,Al-Jomaih,0,2.96,,Not Applicable,,,450,Unsuccessful,No
146,RUMSL,State,450,Solar,Solar,STU,RUMSL 450MW Shajapur Solar Park,,,19-Jul-21,FY 2022,Azure,Azure,0,2.99,,Not Applicable,,,450,Unsuccessful,No
147,RUMSL,State,450,Solar,Solar,STU,RUMSL 450MW Shajapur Solar Park,,,19-Jul-21,FY 2022,Sprng Energy,Sprng,0,2.993,,Not Applicable,,,450,Unsuccessful,No
148,RUMSL,State,450,Solar,Solar,STU,RUMSL 450MW Shajapur Solar Park,,,19-Jul-21,FY 2022,Acme,Acme,0,3.053,,Not Applicable,,,450,Unsuccessful,No
149,RUMSL,State,450,Solar,Solar,STU,RUMSL 450MW Shajapur Solar Park,,,19-Jul-21,FY 2022,NHDC,NHDC,0,3.38,,Not Applicable,,,450,Unsuccessful,No
150,RUMSL,State,450,Solar,Solar,STU,RUMSL 450MW Shajapur Solar Park,,,19-Jul-21,FY 2022,Engie (Luceo),Engie,0,3.427,,Not Applicable,,,450,Unsuccessful,No
125,MSEDCL,State,500,Solar,Solar,STU,MSEDCL 500MW Solar,,,7-Jul-21,FY 2022,Acme Holdings,Acme,300,2.42,,PPA Signed,,,300,Full Capacity Won,Yes
126,MSEDCL,State,500,Solar,Solar,STU,MSEDCL 500MW Solar,,,7-Jul-21,FY 2022,Renew Power,Renew,200,2.43,,PPA Signed,,,200,Full Capacity Won,Yes
127,MSEDCL,State,500,Solar,Solar,STU,MSEDCL 500MW Solar,,,7-Jul-21,FY 2022,Tata Power,Tata,0,2.44,,Not Applicable,,,500,Unsuccessful,No
128,MSEDCL,State,500,Solar,Solar,STU,MSEDCL 500MW Solar,,,7-Jul-21,FY 2022,Avaada ,AVAADA,0,2.51,,Not Applicable,,,500,Unsuccessful,No
129,MSEDCL,State,500,Solar,Solar,STU,MSEDCL 500MW Solar,,,7-Jul-21,FY 2022,NTPC Limited,NTPC,0,2.53,,Not Applicable,,,490,Unsuccessful,No
130,MSEDCL,State,500,Solar,Solar,STU,MSEDCL 500MW Solar,,,7-Jul-21,FY 2022,Power Mech Projects Limited,Power Mech,0,2.69,,Not Applicable,,,25,Unsuccessful,No
131,MSEDCL,State,500,Solar,Solar,STU,MSEDCL 500MW Solar,,,7-Jul-21,FY 2022,Torrent Power Limited,Torrent,0,2.77,,Not Applicable,,,100,Unsuccessful,No
132,MSEDCL,State,500,Solar,Solar,STU,MSEDCL 500MW Solar,,,7-Jul-21,FY 2022,Azure Power,Azure,0,2.78,,Not Applicable,,,300,Unsuccessful,No
133,MSEDCL,State,500,Solar,Solar,STU,MSEDCL 500MW Solar,,,7-Jul-21,FY 2022,Maharashtra State Power Generation Co. Limited,MAHAGENCO,0,2.8,,Not Applicable,,,200,Unsuccessful,No
134,MSEDCL,State,500,Solar,Solar,STU,MSEDCL 500MW Solar,,,7-Jul-21,FY 2022,Cyclic Energy Private Limited (O2),O2 Power,0,2.88,,Not Applicable,,,300,Unsuccessful,No
135,MSEDCL,State,500,Solar,Solar,STU,MSEDCL 500MW Solar,,,7-Jul-21,FY 2022,Maharashtra State Road Development Corporation Limited,Maharashtra State Road Development Corporation Limited,0,2.95,,Not Applicable,,,150,Unsuccessful,No
116,GUVNL,State,500,Solar,Solar,STU,GUVNL 500MW Phase XII,,,22-Mar-21,FY 2021,Coal India Limited,CIL,100,2.2,2.2,PPA Signed,,,500,Partial Capacity Won,Yes
117,GUVNL,State,500,Solar,Solar,STU,GUVNL 500MW Phase XII,,,22-Mar-21,FY 2021,NTPC Renewables,NTPC,150,2.2,2.2,PPA Signed,,,500,Partial Capacity Won,Yes
118,GUVNL,State,500,Solar,Solar,STU,GUVNL 500MW Phase XII,,,22-Mar-21,FY 2021,SJVN Limited,SJVN,70,2.21,2.21,COD achieved,,,500,Partial Capacity Won,Yes
119,GUVNL,State,500,Solar,Solar,STU,GUVNL 500MW Phase XII,,,22-Mar-21,FY 2021,Sprng Energy,Sprng,120,2.2,2.2,PPA Signed,,,500,Partial Capacity Won,Yes
120,GUVNL,State,500,Solar,Solar,STU,GUVNL 500MW Phase XII,,,22-Mar-21,FY 2021,TP Saurya Limited,Tata,60,2.2,2.2,COD achieved,,,500,Partial Capacity Won,Yes
121,GUVNL,State,500,Solar,Solar,STU,GUVNL 500MW Phase XII,,,22-Mar-21,FY 2021,Ajiomaih Energy and Water Co.,Al-Jomaih,0,2.49,2.21,Not Applicable,,,500,Unsuccessful,No
122,GUVNL,State,500,Solar,Solar,STU,GUVNL 500MW Phase XII,,,22-Mar-21,FY 2021,Ayana Renewables,Ayana,0,2.55,2.28,Not Applicable,,,500,Unsuccessful,No
123,GUVNL,State,500,Solar,Solar,STU,GUVNL 500MW Phase XII,,,22-Mar-21,FY 2021,Renew Power,Renew,0,2.49,2.32,Not Applicable,,,500,Unsuccessful,No
124,GUVNL,State,500,Solar,Solar,STU,GUVNL 500MW Phase XII,,,22-Mar-21,FY 2021,Juniper Green,Juniper,0,2.65,2.65,Not Applicable,,,500,Unsuccessful,No
105,SECI,Central REIA,1200,Wind,Wind,ISTS,SECI 1200MW Wind Tranch X,,,15-Mar-21,FY 2021,Adani,Adani,300,2.77,,PPA Signed,,,1200,Partial Capacity Won,Yes
106,SECI,Central REIA,1200,Wind,Wind,ISTS,SECI 1200MW Wind Tranch X,,,15-Mar-21,FY 2021,Ayana Renewable,Ayana,300,2.78,,PPA Signed,,,1200,Partial Capacity Won,Yes
107,SECI,Central REIA,1200,Wind,Wind,ISTS,SECI 1200MW Wind Tranch X,,,15-Mar-21,FY 2021,Evergreen Power,Ever Green,150,2.78,,COD achieved,,,1200,Partial Capacity Won,Yes
108,SECI,Central REIA,1200,Wind,Wind,ISTS,SECI 1200MW Wind Tranch X,,,15-Mar-21,FY 2021,JSW Energy,JSW,450,2.78,,PPA Signed,,,1200,Partial Capacity Won,Yes
109,SECI,Central REIA,1200,Wind,Wind,ISTS,SECI 1200MW Wind Tranch X,,,15-Mar-21,FY 2021,Azure Power,Azure,0,2.79,,Not Applicable,,,300,Unsuccessful,No
110,SECI,Central REIA,1200,Wind,Wind,ISTS,SECI 1200MW Wind Tranch X,,,15-Mar-21,FY 2021,O2 Power,O2 Power,0,2.8,,Not Applicable,,,300,Unsuccessful,No
111,SECI,Central REIA,1200,Wind,Wind,ISTS,SECI 1200MW Wind Tranch X,,,15-Mar-21,FY 2021,Shirdi Sai Electricals,Shirdi Sai,0,2.84,,Not Applicable,,,300,Unsuccessful,No
112,SECI,Central REIA,1200,Wind,Wind,ISTS,SECI 1200MW Wind Tranch X,,,15-Mar-21,FY 2021,AMP Energy,Amp,0,2.89,,Not Applicable,,,150,Unsuccessful,No
113,SECI,Central REIA,1200,Wind,Wind,ISTS,SECI 1200MW Wind Tranch X,,,15-Mar-21,FY 2021,Tunga Renewables,Tunga,0,3.06,,Not Applicable,,,150,Unsuccessful,No
114,SECI,Central REIA,1200,Wind,Wind,ISTS,SECI 1200MW Wind Tranch X,,,15-Mar-21,FY 2021,Renew,Renew,0,3.28,,Not Applicable,,,300,Unsuccessful,No
115,SECI,Central REIA,1200,Wind,Wind,ISTS,SECI 1200MW Wind Tranch X,,,15-Mar-21,FY 2021,Halvad Renewables,Halvad Renewables,0,3.39,,Not Applicable,,,300,Unsuccessful,No
102,MSEDCL,State,250,Solar,Solar,STU,MAHAGENCO 250MW Dhondaicha,,,3-Mar-21,FY 2021,TP Saurya (Tata Power),Tata,250,2.51,,PPA Signed,,,250,Full Capacity Won,Yes
103,MSEDCL,State,250,Solar,Solar,STU,MAHAGENCO 250MW Dhondaicha,,,3-Mar-21,FY 2021,SJVN,SJVN,0,2.53,,Not Applicable,,,250,Unsuccessful,No
104,MSEDCL,State,250,Solar,Solar,STU,MAHAGENCO 250MW Dhondaicha,,,3-Mar-21,FY 2021,NTPC Renewable Energy,NTPC,0,2.82,,Not Applicable,,,250,Unsuccessful,No
93,NTPC,Central REIA,190,Solar,Solar,ISTS,NTPC Nokh solar park 190 MW,,,19-Feb-21,FY 2021,Rising Sun Energy,Rising Sun,190,2.25,,PPA Signed,,,190,Full Capacity Won,Yes
94,NTPC,Central REIA,190,Solar,Solar,ISTS,NTPC Nokh solar park 190 MW,,,19-Feb-21,FY 2021,Spring Natural,Sprng,0,2.47,,Not Applicable,,,190,Unsuccessful,No
95,NTPC,Central REIA,190,Solar,Solar,ISTS,NTPC Nokh solar park 190 MW,,,19-Feb-21,FY 2021,SBE Renewables,SBE,0,2.48,,Not Applicable,,,190,Unsuccessful,No
96,NTPC,Central REIA,190,Solar,Solar,ISTS,NTPC Nokh solar park 190 MW,,,19-Feb-21,FY 2021,Solarpack Corporacion,Solarpack,0,2.5,,Not Applicable,,,190,Unsuccessful,No
97,NTPC,Central REIA,190,Solar,Solar,ISTS,NTPC Nokh solar park 190 MW,,,19-Feb-21,FY 2021,Avaada Energy,AVAADA,0,2.56,,Not Applicable,,,190,Unsuccessful,No
98,NTPC,Central REIA,190,Solar,Solar,ISTS,NTPC Nokh solar park 190 MW,,,19-Feb-21,FY 2021,TP Saurya,TP Saurya,0,2.61,,Not Applicable,,,190,Unsuccessful,No
99,NTPC,Central REIA,190,Solar,Solar,ISTS,NTPC Nokh solar park 190 MW,,,19-Feb-21,FY 2021,Ayana Renewable,Ayana,0,2.62,,Not Applicable,,,190,Unsuccessful,No
100,NTPC,Central REIA,190,Solar,Solar,ISTS,NTPC Nokh solar park 190 MW,,,19-Feb-21,FY 2021,Vector Green,Vector Green,0,2.63,,Not Applicable,,,190,Unsuccessful,No
101,NTPC,Central REIA,190,Solar,Solar,ISTS,NTPC Nokh solar park 190 MW,,,19-Feb-21,FY 2021,Renew Solar Power,Renew,0,2.75,,Not Applicable,,,190,Unsuccessful,No
89,Torrent,State,300,Solar,Solar,STU,Torrent 300 MW Solar Projects ,,,18-Feb-21,FY 2021,Adani,Adani,150,2.22,,COD achieved,,,150,Full Capacity Won,Yes
90,Torrent,State,300,Solar,Solar,STU,Torrent 300 MW Solar Projects ,,,18-Feb-21,FY 2021,Torrent Power,Torrent,150,2.22,,COD achieved,,,150,Full Capacity Won,Yes
91,Torrent,State,300,Solar,Solar,STU,Torrent 300 MW Solar Projects ,,,18-Feb-21,FY 2021,Renew Solar Power,Renew,0,2.23,,Not Applicable,,,150,Unsuccessful,No
92,Torrent,State,300,Solar,Solar,STU,Torrent 300 MW Solar Projects ,,,18-Feb-21,FY 2021,Juniper ,Juniper,0,2.26,,Not Applicable,,,50,Unsuccessful,
79,SECI,Central REIA,1200,Wind,Wind,ISTS,SECI 1200MW Wind Tranch XI,,,9-Feb-21,FY 2021,Adani Renewables,Adani,450,2.7,,PPA Signed,450,,450,Full Capacity Won,Yes
80,SECI,Central REIA,1200,Wind,Wind,ISTS,SECI 1200MW Wind Tranch XI,,,9-Feb-21,FY 2021,Azure Power,Azure,120,2.7,,PPA Signed,120,,300,Partial Capacity Won,Yes
81,SECI,Central REIA,1200,Wind,Wind,ISTS,SECI 1200MW Wind Tranch XI,,,9-Feb-21,FY 2021,Anupavan Renewables (Evergreen),Ever Green,150,2.69,,PPA Signed,150,,150,Full Capacity Won,Yes
82,SECI,Central REIA,1200,Wind,Wind,ISTS,SECI 1200MW Wind Tranch XI,,,9-Feb-21,FY 2021,Renew,Renew,300,2.69,,PPA Signed,300,,300,Full Capacity Won,Yes
83,SECI,Central REIA,1200,Wind,Wind,ISTS,SECI 1200MW Wind Tranch XI,,,9-Feb-21,FY 2021,Green Infra (Sembcorp),Sembcorp,180,2.69,,PPA Signed,180,,180,Full Capacity Won,Yes
84,SECI,Central REIA,1200,Wind,Wind,ISTS,SECI 1200MW Wind Tranch XI,,,9-Feb-21,FY 2021,O2 Power,O2 Power,0,2.72,,Not Applicable,,,200,Unsuccessful,No
85,SECI,Central REIA,1200,Wind,Wind,ISTS,SECI 1200MW Wind Tranch XI,,,9-Feb-21,FY 2021,JSW,JSW,0,2.8,,Not Applicable,,,300,Unsuccessful,No
86,SECI,Central REIA,1200,Wind,Wind,ISTS,SECI 1200MW Wind Tranch XI,,,9-Feb-21,FY 2021,Project Nine Renewables (Ayana Renewables),Ayana,0,2.8,,Not Applicable,,,300,Unsuccessful,No
87,SECI,Central REIA,1200,Wind,Wind,ISTS,SECI 1200MW Wind Tranch XI,,,9-Feb-21,FY 2021,Torrent Power,Torrent,0,2.84,,Not Applicable,,,240,Unsuccessful,No
88,SECI,Central REIA,1200,Wind,Wind,ISTS,SECI 1200MW Wind Tranch XI,,,9-Feb-21,FY 2021,Tunga Renewables (Enel),ENEL,0,2.89,,Not Applicable,,,190,Unsuccessful,No
73,APSPDCL,State,6400,Solar,Solar,STU,AP 6.4 GW Solar Parks Tender,,,3-Feb-21,FY 2021,Adani Renewables Energy Holding Twelve Limited,Adani,600,2.49,,Tender Cancelled,,,600,Full Capacity Won,Yes
74,APSPDCL,State,6400,Solar,Solar,STU,AP 6.4 GW Solar Parks Tender,,,3-Feb-21,FY 2021,HES Infra Private Limited,HES Infra,300,2.49,,Tender Cancelled,,,600,Partial Capacity Won,Yes
75,APSPDCL,State,6400,Solar,Solar,STU,AP 6.4 GW Solar Parks Tender,,,3-Feb-21,FY 2021,NTPC Limited,NTPC,600,2.48,,Tender Cancelled,,,600,Full Capacity Won,Yes
76,APSPDCL,State,6400,Solar,Solar,STU,AP 6.4 GW Solar Parks Tender,,,3-Feb-21,FY 2021,Shirdi Sai Electricals Limited,Shirdi Sai,1800,2.48,,Tender Cancelled,,,1800,Full Capacity Won,Yes
77,APSPDCL,State,6400,Solar,Solar,STU,AP 6.4 GW Solar Parks Tender,,,3-Feb-21,FY 2021,Shirdi Sai Electricals Limited,Shirdi Sai,400,2.49,,Tender Cancelled,,,400,Full Capacity Won,Yes
78,APSPDCL,State,6400,Solar,Solar,STU,AP 6.4 GW Solar Parks Tender,,,3-Feb-21,FY 2021,Torrent Power,Torrent,300,2.47,,Tender Cancelled,,,300,Full Capacity Won,Yes
63,SECI,Central REIA,1200,Hybrid,Hybrid,ISTS,SECI 1200 MW Solar Wind Hybrid Tranche III,,,23-Dec-20,FY 2021,ACME Solar Holdings,Acme,90,2.42,,PPA Signed,,,300,Partial Capacity Won,Yes
64,SECI,Central REIA,1200,Hybrid,Hybrid,ISTS,SECI 1200 MW Solar Wind Hybrid Tranche III,,,23-Dec-20,FY 2021,Adani Renewable Energy,adani,600,2.41,,PPA Signed,,,600,Full Capacity Won,Yes
65,SECI,Central REIA,1200,Hybrid,Hybrid,ISTS,SECI 1200 MW Solar Wind Hybrid Tranche III,,,23-Dec-20,FY 2021,AMP Energy,Amp,130,2.41,,PPA Signed,,,130,Full Capacity Won,Yes
66,SECI,Central REIA,1200,Hybrid,Hybrid,ISTS,SECI 1200 MW Solar Wind Hybrid Tranche III,,,23-Dec-20,FY 2021,ABC (Axis) Renewables (Brookfield),Brookfield,380,2.41,,PPA Signed,,,380,Full Capacity Won,Yes
67,SECI,Central REIA,1200,Hybrid,Hybrid,ISTS,SECI 1200 MW Solar Wind Hybrid Tranche III,,,23-Dec-20,FY 2021,O2 Power,O2 Power,0,2.43,,Not Applicable,,,400,Unsuccessful,No
68,SECI,Central REIA,1200,Hybrid,Hybrid,ISTS,SECI 1200 MW Solar Wind Hybrid Tranche III,,,23-Dec-20,FY 2021,NLC India,NLC,0,2.43,,Not Applicable,,,250,Unsuccessful,No
69,SECI,Central REIA,1200,Hybrid,Hybrid,ISTS,SECI 1200 MW Solar Wind Hybrid Tranche III,,,23-Dec-20,FY 2021,Sprng Energy (Actis),Sprng,0,2.44,,Not Applicable,,,300,Unsuccessful,No
70,SECI,Central REIA,1200,Hybrid,Hybrid,ISTS,SECI 1200 MW Solar Wind Hybrid Tranche III,,,23-Dec-20,FY 2021,Renew Solar,Renew,0,2.51,,Not Applicable,,,450,Unsuccessful,No
71,SECI,Central REIA,1200,Hybrid,Hybrid,ISTS,SECI 1200 MW Solar Wind Hybrid Tranche III,,,23-Dec-20,FY 2021,Azure India,Azure,0,2.68,,Not Applicable,,,350,Unsuccessful,No
72,SECI,Central REIA,1200,Hybrid,Hybrid,ISTS,SECI 1200 MW Solar Wind Hybrid Tranche III,,,23-Dec-20,FY 2021,Green Infra (Sembcorp),Sembcorp,0,2.68,,Not Applicable,,,150,Unsuccessful,No
51,GUVNL,State,500,Solar,Solar,STU,GUVNL 500 MW Solar Tranche XI,,,19-Dec-20,FY 2021,ADITYA BIRLA RENEWABLES LIMITED,ABREL,120,1.99,2.3,PPA Signed,,,140,Partial Capacity Won,Yes
52,GUVNL,State,500,Solar,Solar,STU,GUVNL 500 MW Solar Tranche XI,,,19-Dec-20,FY 2021,Aljomaih Energy & Water Company,Al-Jomaih,80,1.99,2.2,PPA Signed,,,80,Full Capacity Won,Yes
53,GUVNL,State,500,Solar,Solar,STU,GUVNL 500 MW Solar Tranche XI,,,19-Dec-20,FY 2021,NTPC Limited,NTPC,200,1.99,2.19,PPA Signed,,,200,Full Capacity Won,Yes
54,GUVNL,State,500,Solar,Solar,STU,GUVNL 500 MW Solar Tranche XI,,,19-Dec-20,FY 2021,Torrent Power Limited,Torrent,100,1.99,2.32,PPA Signed,,,100,Full Capacity Won,Yes
55,GUVNL,State,500,Solar,Solar,STU,GUVNL 500 MW Solar Tranche XI,,,19-Dec-20,FY 2021,Ayana Renewable Power Four Private Limited,Ayana,0,2.35,2,Not Applicable,,,400,Unsuccessful,No
56,GUVNL,State,500,Solar,Solar,STU,GUVNL 500 MW Solar Tranche XI,,,19-Dec-20,FY 2021,Talettutayi Solar Projects Nine Pvt. Ltd. (Solar Arise),Solar Arise,0,2.32,2.08,Not Applicable,,,100,Unsuccessful,No
57,GUVNL,State,500,Solar,Solar,STU,GUVNL 500 MW Solar Tranche XI,,,19-Dec-20,FY 2021,SJVN LIMITED,SJVN,0,2.43,2.1,Not Applicable,,,500,Unsuccessful,No
58,GUVNL,State,500,Solar,Solar,STU,GUVNL 500 MW Solar Tranche XI,,,19-Dec-20,FY 2021,Sprng Natural Power Source Private Limited (Actis),Actis,0,2.39,2.12,Not Applicable,,,200,Unsuccessful,No
59,GUVNL,State,500,Solar,Solar,STU,GUVNL 500 MW Solar Tranche XI,,,19-Dec-20,FY 2021,Adani Renewable Energy Holding Fifteen Limited,Adani,0,2.32,2.32,Not Applicable,,,400,Unsuccessful,No
60,GUVNL,State,500,Solar,Solar,STU,GUVNL 500 MW Solar Tranche XI,,,19-Dec-20,FY 2021,Avaada Energy Private Limited,AVAADA,0,2.33,2.33,Not Applicable,,,200,Unsuccessful,No
61,GUVNL,State,500,Solar,Solar,STU,GUVNL 500 MW Solar Tranche XI,,,19-Dec-20,FY 2021,AMP ENERGY GREEN PRIVATE LIMITED,Amp,0,2.35,2.35,Not Applicable,,,40,Unsuccessful,No
62,GUVNL,State,500,Solar,Solar,STU,GUVNL 500 MW Solar Tranche XI,,,19-Dec-20,FY 2021,CALPINE SUBSICO SOLAR ENERGY PRIVATE LIMITED (UPC Renewables),UPC,0,2.41,2.41,Not Applicable,,,80,Unsuccessful,No
37,SECI,Central REIA,1070,Solar,Solar,STU,SECI Rajasthan Tranche-III 1070 MW Solar,,,23-Nov-20,FY 2021,Aljomaih Energy & Water Company,Al-Jomaih,200,2,2.38,PPA signed,,,200,Full Capacity Won,Yes
38,SECI,Central REIA,1070,Solar,Solar,STU,SECI Rajasthan Tranche-III 1070 MW Solar,,,23-Nov-20,FY 2021,NTPC Limited,NTPC,470,2.01,2.35,PPA signed,,,600,Partial Capacity Won,Yes
39,SECI,Central REIA,1070,Solar,Solar,STU,SECI Rajasthan Tranche-III 1070 MW Solar,,,23-Nov-20,FY 2021,Green Infra Wind Energy Limited (Sembcorp),Sembcorp,400,2,2.2,PPA signed,,,400,Full Capacity Won,Yes
40,SECI,Central REIA,1070,Solar,Solar,STU,SECI Rajasthan Tranche-III 1070 MW Solar,,,23-Nov-20,FY 2021,Sprng Ujvala Energy Private Limited (Actis),Sprng,0,2.02,2.38,Not Applicable,,,300,Unsuccessful,No
41,SECI,Central REIA,1070,Solar,Solar,STU,SECI Rajasthan Tranche-III 1070 MW Solar,,,23-Nov-20,FY 2021,SJVNL,SJVN,0,2.07,2.39,Not Applicable,,,250,Unsuccessful,No
42,SECI,Central REIA,1070,Solar,Solar,STU,SECI Rajasthan Tranche-III 1070 MW Solar,,,23-Nov-20,FY 2021,Talettutayi Solar Projects (Solar Arise),Solar Arise,0,2.2,2.43,Not Applicable,,,100,Unsuccessful,No
43,SECI,Central REIA,1070,Solar,Solar,STU,SECI Rajasthan Tranche-III 1070 MW Solar,,,23-Nov-20,FY 2021,Vector Green Energy,Vector Green,0,2.31,2.42,Not Applicable,,,300,Unsuccessful,No
44,SECI,Central REIA,1070,Solar,Solar,STU,SECI Rajasthan Tranche-III 1070 MW Solar,,,23-Nov-20,FY 2021,Jakson Power Private Limited,Jakson,0,2.35,2.44,Not Applicable,,,200,Unsuccessful,No
45,SECI,Central REIA,1070,Solar,Solar,STU,SECI Rajasthan Tranche-III 1070 MW Solar,,,23-Nov-20,FY 2021,TATA Power Company,Tata,0,2.36,2.39,Not Applicable,,,600,Unsuccessful,No
46,SECI,Central REIA,1070,Solar,Solar,STU,SECI Rajasthan Tranche-III 1070 MW Solar,,,23-Nov-20,FY 2021,Jupiner Green Energy,Juniper,0,2.38,2.39,Not Applicable,,,250,Unsuccessful,No
47,SECI,Central REIA,1070,Solar,Solar,STU,SECI Rajasthan Tranche-III 1070 MW Solar,,,23-Nov-20,FY 2021,ABC Renewable Energy (Axis),ABC,0,2.39,2.39,Not Applicable,,,400,Unsuccessful,No
48,SECI,Central REIA,1070,Solar,Solar,STU,SECI Rajasthan Tranche-III 1070 MW Solar,,,23-Nov-20,FY 2021,Ayana Renewable Energy,Ayana,0,2.39,2.39,Not Applicable,,,300,Unsuccessful,No
49,SECI,Central REIA,1070,Solar,Solar,STU,SECI Rajasthan Tranche-III 1070 MW Solar,,,23-Nov-20,FY 2021,AMP Renewable,Amp,0,2.42,2.42,Not Applicable,,,150,Unsuccessful,No
50,SECI,Central REIA,1070,Solar,Solar,STU,SECI Rajasthan Tranche-III 1070 MW Solar,,,23-Nov-20,FY 2021,O2 Power,O2 Power,0,2.43,2.43,Not Applicable,,,300,Unsuccessful,No
35,KSEB,State,200,Solar,Solar,ISTS,KSEB 200 MW ISTS Solar,,,12-Nov-20,FY 2021,NTPC,NTPC,90,2.973,2.993,PPA Signed,,,90,Full Capacity Won,Yes
36,KSEB,State,200,Solar,Solar,ISTS,KSEB 200 MW ISTS Solar,,,12-Nov-20,FY 2021,TATA,Tata,110,2.979,2.999,PPA Signed,,,200,Partial Capacity Won,Yes
34,GUVNL,State,100,Solar,Solar,STU,GUVNL 100 MW - Phase X_Raghanesda,,,28-Sep-20,FY 2021,SJVN,SJVN,100,2.73,2.73,COD achieved,,,100,Full Capacity Won,Yes
32,SECI,Central REIA,1200,Wind,Wind,ISTS,SECI 1200 MW - Wind (solar blended) Tranche IX,,,14-Aug-20,FY 2021,JSW,JSW,810,2.78,3,PPA Signed,,,810,Full Capacity Won,Yes
33,SECI,Central REIA,1200,Wind,Wind,ISTS,SECI 1200 MW - Wind (solar blended) Tranche IX,,,14-Aug-20,FY 2021,Vena Energy Clean,Vena Energy,160,2.78,2.99,PPA Signed,,,160,Full Capacity Won,Yes
27,GUVNL,State,700,Solar,Solar,STU,GUVNL 700MW - Phase IX_Dholera,,,13-Aug-20,FY 2021,TQ Green Power (O2 Power SG PTE LTD),O2 Power,200,2.81,2.84,PPA Signed,,,500,Partial Capacity Won,Yes
28,GUVNL,State,700,Solar,Solar,STU,GUVNL 700MW - Phase IX_Dholera,,,13-Aug-20,FY 2021,Renew Power,Renew,200,2.79,2.8,PPA Signed,,,200,Full Capacity Won,Yes
29,GUVNL,State,700,Solar,Solar,STU,GUVNL 700MW - Phase IX_Dholera,,,13-Aug-20,FY 2021,SJVN,SJVN,100,2.8,2.82,PPA Signed,,,100,Full Capacity Won,Yes
30,GUVNL,State,700,Solar,Solar,STU,GUVNL 700MW - Phase IX_Dholera,,,13-Aug-20,FY 2021,TATA,Tata,100,2.78,2.78,PPA Signed,,,100,Full Capacity Won,Yes
31,GUVNL,State,700,Solar,Solar,STU,GUVNL 700MW - Phase IX_Dholera,,,13-Aug-20,FY 2021,VENA Energy Clean,Vena Energy,100,2.78,2.78,PPA Signed,,,100,Full Capacity Won,Yes
22,NTPC,Central REIA,1200,Solar,Solar,ISTS,NTPC 1.2 GW ISTS,,,6-Aug-20,FY 2021,AMP Energy Green,Amp,100,2.44,2.44,Tender Cancelled,,,100,Full Capacity Won,Yes
23,NTPC,Central REIA,1200,Solar,Solar,ISTS,NTPC 1.2 GW ISTS,,,6-Aug-20,FY 2021,Azure Power,Azure,300,2.43,2.44,Tender Cancelled,,,300,Full Capacity Won,Yes
24,NTPC,Central REIA,1200,Solar,Solar,ISTS,NTPC 1.2 GW ISTS,,,6-Aug-20,FY 2021,O2 Power SG PTE LTD,O2 Power,400,2.43,2.44,PPA signed,,,400,Full Capacity Won,Yes
25,NTPC,Central REIA,1200,Solar,Solar,ISTS,NTPC 1.2 GW ISTS,,,6-Aug-20,FY 2021,The Tata Power Company Limited,Tata,370,2.43,2.44,Tender Cancelled,,,370,Full Capacity Won,Yes
26,NTPC,Central REIA,1200,Solar,Solar,ISTS,NTPC 1.2 GW ISTS,,,6-Aug-20,FY 2021,Renew,Renew,0,2.44,2.44,Tender Cancelled,,,300,Unsuccessful,No
20,TPD,State,225,Hybrid,Hybrid,ISTS,TATA Power Mumbai DISCOM 225 MW Hybrid ISTS,,,25-Jul-20,FY 2021,TATA Renewables,Tata,225,2.59,3.24,PPA Signed,,,225,Full Capacity Won,Yes
21,TPD,State,225,Hybrid,Hybrid,ISTS,TATA Power Mumbai DISCOM 225 MW Hybrid ISTS,,,25-Jul-20,FY 2021,Amp,Amp,0,2.6,3.29,Not Applicable,,,225,Unsuccessful,No
11,SECI,Central REIA,2000,Solar,Solar,ISTS,SECI ISTS - IX - 2GW,,,30-Jun-20,FY 2021,AMP Energy Green,Amp,100,2.37,,PPA Signed,,,100,Full Capacity Won,Yes
12,SECI,Central REIA,2000,Solar,Solar,ISTS,SECI ISTS - IX - 2GW,,,30-Jun-20,FY 2021,Ayana Renewable  Power Pvt Ltd,Ayana,300,2.38,,PPA Signed,,,300,Full Capacity Won,Yes
13,SECI,Central REIA,2000,Solar,Solar,ISTS,SECI ISTS - IX - 2GW,,,30-Jun-20,FY 2021,Eden Renewable Bercy Pvt Ltd,Eden,300,2.37,,PPA Signed,,,300,Full Capacity Won,Yes
14,SECI,Central REIA,2000,Solar,Solar,ISTS,SECI ISTS - IX - 2GW,,,30-Jun-20,FY 2021,Avikiran Surya India Pvt Ltd (ENEL),ENEL,300,2.37,,COD achieved,,,300,Full Capacity Won,Yes
15,SECI,Central REIA,2000,Solar,Solar,ISTS,SECI ISTS - IX - 2GW,,,30-Jun-20,FY 2021,IB Vogt Singapur Pvt Ltd,IB Vogt,300,2.37,,PPA Signed,,,300,Full Capacity Won,Yes
16,SECI,Central REIA,2000,Solar,Solar,ISTS,SECI ISTS - IX - 2GW,,,30-Jun-20,FY 2021,RenewSolar Power,Renew,400,2.38,,PPA Signed,,,1200,Partial Capacity Won,Yes
17,SECI,Central REIA,2000,Solar,Solar,ISTS,SECI ISTS - IX - 2GW,,,30-Jun-20,FY 2021,Solarpack Corporation Technologica SA,Solarpack,300,2.36,,PPA Signed,,,300,Full Capacity Won,Yes
18,SECI,Central REIA,2000,Solar,Solar,ISTS,SECI ISTS - IX - 2GW,,,30-Jun-20,FY 2021,Tata Power Company Ltd,Tata,0,2.39,,Not Applicable,,,600,Unsuccessful,No
19,SECI,Central REIA,2000,Solar,Solar,ISTS,SECI ISTS - IX - 2GW,,,30-Jun-20,FY 2021,O2 Power SG PTE LTD,O2 Power,0,2.46,,Not Applicable,,,400,Unsuccessful,No
7,SECI,Central REIA,400,RTC/FDRE,RTC,ISTS,SECI RTC-I 400 MW,,,8-May-20,FY 2021,Renew Power,Renew,400,2.9,,PPA signed,,,400,Full Capacity Won,Yes
8,SECI,Central REIA,400,RTC/FDRE,RTC,ISTS,SECI RTC-I 400 MW,,,8-May-20,FY 2021,GREENKO,Greenko,0,2.91,,Not Applicable,,,400,Unsuccessful,No
9,SECI,Central REIA,400,RTC/FDRE,RTC,ISTS,SECI RTC-I 400 MW,,,8-May-20,FY 2021,HES Infra,HES Infra,0,3.19,,Not Applicable,,,100,Unsuccessful,No
10,SECI,Central REIA,400,RTC/FDRE,RTC,ISTS,SECI RTC-I 400 MW,,,8-May-20,FY 2021,Ayana,Ayana,0,3.49,,Not Applicable,,,50,Unsuccessful,No
1,NHPC,Central REIA,2000,Solar,Solar,ISTS,NHPC Solar - 2000 MW,,,16-Apr-20,FY 2021,AVADA Energy Pvt Ltd,AVAADA,320,2.56,,PPA Signed,,,600,Partial Capacity Won,Yes
2,NHPC,Central REIA,2000,Solar,Solar,ISTS,NHPC Solar - 2000 MW,,,16-Apr-20,FY 2021,AXIS Energy Venture / Brookfield,Brookfield,400,2.55,,PPA Signed,,,400,Full Capacity Won,Yes
3,NHPC,Central REIA,2000,Solar,Solar,ISTS,NHPC Solar - 2000 MW,,,16-Apr-20,FY 2021,Eden Renewables,Eden,300,2.55,,PPA Signed,,,300,Full Capacity Won,Yes
4,NHPC,Central REIA,2000,Solar,Solar,ISTS,NHPC Solar - 2000 MW,,,16-Apr-20,FY 2021,O2 Power SG PTE LTD,O2 Power,380,2.55,,PPA Signed,,,380,Full Capacity Won,Yes
5,NHPC,Central REIA,2000,Solar,Solar,ISTS,NHPC Solar - 2000 MW,,,16-Apr-20,FY 2021,SBE Renewable,SBE,600,2.55,,PPA Signed,,,600,Full Capacity Won,Yes
6,NHPC,Central REIA,2000,Solar,Solar,ISTS,NHPC Solar - 2000 MW,,,16-Apr-20,FY 2021,Renew Solar Power,Renew,0,2.57,,Not Applicable,,,600,Unsuccessful,No
